,Rig Count
2009-12-04,12.0
2009-12-05,12.0
2009-12-06,12.0
2009-12-07,12.0
2009-12-08,12.0
2009-12-09,12.0
2009-12-10,12.0
2009-12-11,12.0
2009-12-12,16.0
2009-12-13,16.0
2009-12-14,16.0
2009-12-15,16.0
2009-12-16,16.0
2009-12-17,16.0
2009-12-18,16.0
2009-12-19,18.0
2009-12-20,18.0
2009-12-21,18.0
2009-12-22,18.0
2009-12-23,18.0
2009-12-24,18.0
2009-12-25,18.0
2009-12-26,18.0
2009-12-27,18.0
2009-12-28,18.0
2009-12-29,18.0
2009-12-30,18.0
2009-12-31,18.0
2010-01-01,19.0
2010-01-02,19.0
2010-01-03,19.0
2010-01-04,19.0
2010-01-05,19.0
2010-01-06,19.0
2010-01-07,19.0
2010-01-08,19.0
2010-01-09,18.0
2010-01-10,18.0
2010-01-11,18.0
2010-01-12,18.0
2010-01-13,18.0
2010-01-14,18.0
2010-01-15,18.0
2010-01-16,17.0
2010-01-17,17.0
2010-01-18,17.0
2010-01-19,17.0
2010-01-20,17.0
2010-01-21,17.0
2010-01-22,17.0
2010-01-23,16.0
2010-01-24,16.0
2010-01-25,16.0
2010-01-26,16.0
2010-01-27,16.0
2010-01-28,16.0
2010-01-29,16.0
2010-01-30,14.0
2010-01-31,14.0
2010-02-01,14.0
2010-02-02,14.0
2010-02-03,14.0
2010-02-04,14.0
2010-02-05,14.0
2010-02-06,20.0
2010-02-07,20.0
2010-02-08,20.0
2010-02-09,20.0
2010-02-10,20.0
2010-02-11,20.0
2010-02-12,20.0
2010-02-13,20.0
2010-02-14,20.0
2010-02-15,20.0
2010-02-16,20.0
2010-02-17,20.0
2010-02-18,20.0
2010-02-19,20.0
2010-02-20,20.0
2010-02-21,20.0
2010-02-22,20.0
2010-02-23,20.0
2010-02-24,20.0
2010-02-25,20.0
2010-02-26,20.0
2010-02-27,22.0
2010-02-28,22.0
2010-03-01,22.0
2010-03-02,22.0
2010-03-03,22.0
2010-03-04,22.0
2010-03-05,22.0
2010-03-06,24.0
2010-03-07,24.0
2010-03-08,24.0
2010-03-09,24.0
2010-03-10,24.0
2010-03-11,24.0
2010-03-12,24.0
2010-03-13,23.0
2010-03-14,23.0
2010-03-15,23.0
2010-03-16,23.0
2010-03-17,23.0
2010-03-18,23.0
2010-03-19,23.0
2010-03-20,20.0
2010-03-21,20.0
2010-03-22,20.0
2010-03-23,20.0
2010-03-24,20.0
2010-03-25,20.0
2010-03-26,20.0
2010-03-27,22.0
2010-03-28,22.0
2010-03-29,22.0
2010-03-30,22.0
2010-03-31,22.0
2010-04-01,22.0
2010-04-02,26.0
2010-04-03,26.0
2010-04-04,26.0
2010-04-05,26.0
2010-04-06,26.0
2010-04-07,26.0
2010-04-08,26.0
2010-04-09,26.0
2010-04-10,26.0
2010-04-11,26.0
2010-04-12,26.0
2010-04-13,26.0
2010-04-14,26.0
2010-04-15,26.0
2010-04-16,26.0
2010-04-17,26.0
2010-04-18,26.0
2010-04-19,26.0
2010-04-20,26.0
2010-04-21,26.0
2010-04-22,26.0
2010-04-23,26.0
2010-04-24,25.0
2010-04-25,25.0
2010-04-26,25.0
2010-04-27,25.0
2010-04-28,25.0
2010-04-29,25.0
2010-04-30,25.0
2010-05-01,22.0
2010-05-02,22.0
2010-05-03,22.0
2010-05-04,22.0
2010-05-05,22.0
2010-05-06,22.0
2010-05-07,22.0
2010-05-08,25.0
2010-05-09,25.0
2010-05-10,25.0
2010-05-11,25.0
2010-05-12,25.0
2010-05-13,25.0
2010-05-14,25.0
2010-05-15,28.0
2010-05-16,28.0
2010-05-17,28.0
2010-05-18,28.0
2010-05-19,28.0
2010-05-20,28.0
2010-05-21,28.0
2010-05-22,30.0
2010-05-23,30.0
2010-05-24,30.0
2010-05-25,30.0
2010-05-26,30.0
2010-05-27,30.0
2010-05-28,30.0
2010-05-29,27.0
2010-05-30,27.0
2010-05-31,27.0
2010-06-01,27.0
2010-06-02,27.0
2010-06-03,27.0
2010-06-04,27.0
2010-06-05,26.0
2010-06-06,26.0
2010-06-07,26.0
2010-06-08,26.0
2010-06-09,26.0
2010-06-10,26.0
2010-06-11,26.0
2010-06-12,29.0
2010-06-13,29.0
2010-06-14,29.0
2010-06-15,29.0
2010-06-16,29.0
2010-06-17,29.0
2010-06-18,29.0
2010-06-19,30.0
2010-06-20,30.0
2010-06-21,30.0
2010-06-22,30.0
2010-06-23,30.0
2010-06-24,30.0
2010-06-25,30.0
2010-06-26,29.0
2010-06-27,29.0
2010-06-28,29.0
2010-06-29,29.0
2010-06-30,29.0
2010-07-01,29.0
2010-07-02,29.0
2010-07-03,25.0
2010-07-04,25.0
2010-07-05,25.0
2010-07-06,25.0
2010-07-07,25.0
2010-07-08,25.0
2010-07-09,25.0
2010-07-10,30.0
2010-07-11,30.0
2010-07-12,30.0
2010-07-13,30.0
2010-07-14,30.0
2010-07-15,30.0
2010-07-16,30.0
2010-07-17,32.0
2010-07-18,32.0
2010-07-19,32.0
2010-07-20,32.0
2010-07-21,32.0
2010-07-22,32.0
2010-07-23,32.0
2010-07-24,33.0
2010-07-25,33.0
2010-07-26,33.0
2010-07-27,33.0
2010-07-28,33.0
2010-07-29,33.0
2010-07-30,33.0
2010-07-31,36.0
2010-08-01,36.0
2010-08-02,36.0
2010-08-03,36.0
2010-08-04,36.0
2010-08-05,36.0
2010-08-06,36.0
2010-08-07,38.0
2010-08-08,38.0
2010-08-09,38.0
2010-08-10,38.0
2010-08-11,38.0
2010-08-12,38.0
2010-08-13,38.0
2010-08-14,37.0
2010-08-15,37.0
2010-08-16,37.0
2010-08-17,37.0
2010-08-18,37.0
2010-08-19,37.0
2010-08-20,37.0
2010-08-21,39.0
2010-08-22,39.0
2010-08-23,39.0
2010-08-24,39.0
2010-08-25,39.0
2010-08-26,39.0
2010-08-27,39.0
2010-08-28,37.0
2010-08-29,37.0
2010-08-30,37.0
2010-08-31,37.0
2010-09-01,37.0
2010-09-02,37.0
2010-09-03,37.0
2010-09-04,38.0
2010-09-05,38.0
2010-09-06,38.0
2010-09-07,38.0
2010-09-08,38.0
2010-09-09,38.0
2010-09-10,38.0
2010-09-11,38.0
2010-09-12,38.0
2010-09-13,38.0
2010-09-14,38.0
2010-09-15,38.0
2010-09-16,38.0
2010-09-17,38.0
2010-09-18,37.0
2010-09-19,37.0
2010-09-20,37.0
2010-09-21,37.0
2010-09-22,37.0
2010-09-23,37.0
2010-09-24,37.0
2010-09-25,36.0
2010-09-26,36.0
2010-09-27,36.0
2010-09-28,36.0
2010-09-29,36.0
2010-09-30,36.0
2010-10-01,36.0
2010-10-02,36.0
2010-10-03,36.0
2010-10-04,36.0
2010-10-05,36.0
2010-10-06,36.0
2010-10-07,36.0
2010-10-08,36.0
2010-10-09,36.0
2010-10-10,36.0
2010-10-11,36.0
2010-10-12,36.0
2010-10-13,36.0
2010-10-14,36.0
2010-10-15,36.0
2010-10-16,38.0
2010-10-17,38.0
2010-10-18,38.0
2010-10-19,38.0
2010-10-20,38.0
2010-10-21,38.0
2010-10-22,38.0
2010-10-23,36.0
2010-10-24,36.0
2010-10-25,36.0
2010-10-26,36.0
2010-10-27,36.0
2010-10-28,36.0
2010-10-29,36.0
2010-10-30,41.0
2010-10-31,41.0
2010-11-01,41.0
2010-11-02,41.0
2010-11-03,41.0
2010-11-04,41.0
2010-11-05,41.0
2010-11-06,48.0
2010-11-07,48.0
2010-11-08,48.0
2010-11-09,48.0
2010-11-10,48.0
2010-11-11,48.0
2010-11-12,48.0
2010-11-13,50.0
2010-11-14,50.0
2010-11-15,50.0
2010-11-16,50.0
2010-11-17,50.0
2010-11-18,50.0
2010-11-19,50.0
2010-11-20,52.0
2010-11-21,52.0
2010-11-22,52.0
2010-11-23,52.0
2010-11-24,52.0
2010-11-25,48.0
2010-11-26,48.0
2010-11-27,48.0
2010-11-28,48.0
2010-11-29,48.0
2010-11-30,48.0
2010-12-01,48.0
2010-12-02,48.0
2010-12-03,48.0
2010-12-04,48.0
2010-12-05,48.0
2010-12-06,48.0
2010-12-07,48.0
2010-12-08,48.0
2010-12-09,48.0
2010-12-10,48.0
2010-12-11,52.0
2010-12-12,52.0
2010-12-13,52.0
2010-12-14,52.0
2010-12-15,52.0
2010-12-16,52.0
2010-12-17,52.0
2010-12-18,47.0
2010-12-19,47.0
2010-12-20,47.0
2010-12-21,47.0
2010-12-22,47.0
2010-12-23,47.0
2010-12-24,47.0
2010-12-25,47.0
2010-12-26,47.0
2010-12-27,47.0
2010-12-28,47.0
2010-12-29,47.0
2010-12-30,47.0
2010-12-31,47.0
2011-01-01,47.0
2011-01-02,47.0
2011-01-03,47.0
2011-01-04,47.0
2011-01-05,47.0
2011-01-06,47.0
2011-01-07,47.0
2011-01-08,48.0
2011-01-09,48.0
2011-01-10,48.0
2011-01-11,48.0
2011-01-12,48.0
2011-01-13,48.0
2011-01-14,48.0
2011-01-15,50.0
2011-01-16,50.0
2011-01-17,50.0
2011-01-18,50.0
2011-01-19,50.0
2011-01-20,50.0
2011-01-21,50.0
2011-01-22,47.0
2011-01-23,47.0
2011-01-24,47.0
2011-01-25,47.0
2011-01-26,47.0
2011-01-27,47.0
2011-01-28,47.0
2011-01-29,47.0
2011-01-30,47.0
2011-01-31,47.0
2011-02-01,47.0
2011-02-02,47.0
2011-02-03,47.0
2011-02-04,47.0
2011-02-05,49.0
2011-02-06,49.0
2011-02-07,49.0
2011-02-08,49.0
2011-02-09,49.0
2011-02-10,49.0
2011-02-11,49.0
2011-02-12,49.0
2011-02-13,49.0
2011-02-14,49.0
2011-02-15,49.0
2011-02-16,49.0
2011-02-17,49.0
2011-02-18,49.0
2011-02-19,49.0
2011-02-20,49.0
2011-02-21,49.0
2011-02-22,49.0
2011-02-23,49.0
2011-02-24,49.0
2011-02-25,49.0
2011-02-26,52.0
2011-02-27,52.0
2011-02-28,52.0
2011-03-01,52.0
2011-03-02,52.0
2011-03-03,52.0
2011-03-04,52.0
2011-03-05,49.0
2011-03-06,49.0
2011-03-07,49.0
2011-03-08,49.0
2011-03-09,49.0
2011-03-10,49.0
2011-03-11,49.0
2011-03-12,50.0
2011-03-13,50.0
2011-03-14,50.0
2011-03-15,50.0
2011-03-16,50.0
2011-03-17,50.0
2011-03-18,50.0
2011-03-19,51.0
2011-03-20,51.0
2011-03-21,51.0
2011-03-22,51.0
2011-03-23,51.0
2011-03-24,51.0
2011-03-25,51.0
2011-03-26,51.0
2011-03-27,51.0
2011-03-28,51.0
2011-03-29,51.0
2011-03-30,51.0
2011-03-31,51.0
2011-04-01,51.0
2011-04-02,56.0
2011-04-03,56.0
2011-04-04,56.0
2011-04-05,56.0
2011-04-06,56.0
2011-04-07,56.0
2011-04-08,56.0
2011-04-09,54.0
2011-04-10,54.0
2011-04-11,54.0
2011-04-12,54.0
2011-04-13,54.0
2011-04-14,54.0
2011-04-15,54.0
2011-04-16,54.0
2011-04-17,54.0
2011-04-18,54.0
2011-04-19,54.0
2011-04-20,54.0
2011-04-21,54.0
2011-04-22,51.0
2011-04-23,51.0
2011-04-24,51.0
2011-04-25,51.0
2011-04-26,51.0
2011-04-27,51.0
2011-04-28,51.0
2011-04-29,51.0
2011-04-30,52.0
2011-05-01,52.0
2011-05-02,52.0
2011-05-03,52.0
2011-05-04,52.0
2011-05-05,52.0
2011-05-06,52.0
2011-05-07,52.0
2011-05-08,52.0
2011-05-09,52.0
2011-05-10,52.0
2011-05-11,52.0
2011-05-12,52.0
2011-05-13,52.0
2011-05-14,53.0
2011-05-15,53.0
2011-05-16,53.0
2011-05-17,53.0
2011-05-18,53.0
2011-05-19,53.0
2011-05-20,53.0
2011-05-21,57.0
2011-05-22,57.0
2011-05-23,57.0
2011-05-24,57.0
2011-05-25,57.0
2011-05-26,57.0
2011-05-27,57.0
2011-05-28,62.0
2011-05-29,62.0
2011-05-30,62.0
2011-05-31,62.0
2011-06-01,62.0
2011-06-02,62.0
2011-06-03,62.0
2011-06-04,70.0
2011-06-05,70.0
2011-06-06,70.0
2011-06-07,70.0
2011-06-08,70.0
2011-06-09,70.0
2011-06-10,70.0
2011-06-11,65.0
2011-06-12,65.0
2011-06-13,65.0
2011-06-14,65.0
2011-06-15,65.0
2011-06-16,65.0
2011-06-17,65.0
2011-06-18,66.0
2011-06-19,66.0
2011-06-20,66.0
2011-06-21,66.0
2011-06-22,66.0
2011-06-23,66.0
2011-06-24,66.0
2011-06-25,68.0
2011-06-26,68.0
2011-06-27,68.0
2011-06-28,68.0
2011-06-29,68.0
2011-06-30,68.0
2011-07-01,68.0
2011-07-02,71.0
2011-07-03,71.0
2011-07-04,71.0
2011-07-05,71.0
2011-07-06,71.0
2011-07-07,71.0
2011-07-08,71.0
2011-07-09,68.0
2011-07-10,68.0
2011-07-11,68.0
2011-07-12,68.0
2011-07-13,68.0
2011-07-14,68.0
2011-07-15,68.0
2011-07-16,73.0
2011-07-17,73.0
2011-07-18,73.0
2011-07-19,73.0
2011-07-20,73.0
2011-07-21,73.0
2011-07-22,73.0
2011-07-23,77.0
2011-07-24,77.0
2011-07-25,77.0
2011-07-26,77.0
2011-07-27,77.0
2011-07-28,77.0
2011-07-29,77.0
2011-07-30,74.0
2011-07-31,74.0
2011-08-01,74.0
2011-08-02,74.0
2011-08-03,74.0
2011-08-04,74.0
2011-08-05,74.0
2011-08-06,76.0
2011-08-07,76.0
2011-08-08,76.0
2011-08-09,76.0
2011-08-10,76.0
2011-08-11,76.0
2011-08-12,76.0
2011-08-13,82.0
2011-08-14,82.0
2011-08-15,82.0
2011-08-16,82.0
2011-08-17,82.0
2011-08-18,82.0
2011-08-19,82.0
2011-08-20,86.0
2011-08-21,86.0
2011-08-22,86.0
2011-08-23,86.0
2011-08-24,86.0
2011-08-25,86.0
2011-08-26,86.0
2011-08-27,86.0
2011-08-28,86.0
2011-08-29,86.0
2011-08-30,86.0
2011-08-31,86.0
2011-09-01,86.0
2011-09-02,86.0
2011-09-03,88.0
2011-09-04,88.0
2011-09-05,88.0
2011-09-06,88.0
2011-09-07,88.0
2011-09-08,88.0
2011-09-09,88.0
2011-09-10,85.0
2011-09-11,85.0
2011-09-12,85.0
2011-09-13,85.0
2011-09-14,85.0
2011-09-15,85.0
2011-09-16,85.0
2011-09-17,79.0
2011-09-18,79.0
2011-09-19,79.0
2011-09-20,79.0
2011-09-21,79.0
2011-09-22,79.0
2011-09-23,79.0
2011-09-24,81.0
2011-09-25,81.0
2011-09-26,81.0
2011-09-27,81.0
2011-09-28,81.0
2011-09-29,81.0
2011-09-30,81.0
2011-10-01,81.0
2011-10-02,81.0
2011-10-03,81.0
2011-10-04,81.0
2011-10-05,81.0
2011-10-06,81.0
2011-10-07,81.0
2011-10-08,80.0
2011-10-09,80.0
2011-10-10,80.0
2011-10-11,80.0
2011-10-12,80.0
2011-10-13,80.0
2011-10-14,80.0
2011-10-15,78.0
2011-10-16,78.0
2011-10-17,78.0
2011-10-18,78.0
2011-10-19,78.0
2011-10-20,78.0
2011-10-21,78.0
2011-10-22,80.0
2011-10-23,80.0
2011-10-24,80.0
2011-10-25,80.0
2011-10-26,80.0
2011-10-27,80.0
2011-10-28,80.0
2011-10-29,80.0
2011-10-30,80.0
2011-10-31,80.0
2011-11-01,80.0
2011-11-02,80.0
2011-11-03,80.0
2011-11-04,80.0
2011-11-05,82.0
2011-11-06,82.0
2011-11-07,82.0
2011-11-08,82.0
2011-11-09,82.0
2011-11-10,82.0
2011-11-11,82.0
2011-11-12,78.0
2011-11-13,78.0
2011-11-14,78.0
2011-11-15,78.0
2011-11-16,78.0
2011-11-17,78.0
2011-11-18,78.0
2011-11-19,78.0
2011-11-20,78.0
2011-11-21,78.0
2011-11-22,78.0
2011-11-23,78.0
2011-11-24,101.0
2011-11-25,101.0
2011-11-26,101.0
2011-11-27,101.0
2011-11-28,101.0
2011-11-29,101.0
2011-11-30,101.0
2011-12-01,101.0
2011-12-02,101.0
2011-12-03,101.0
2011-12-04,101.0
2011-12-05,101.0
2011-12-06,101.0
2011-12-07,101.0
2011-12-08,101.0
2011-12-09,101.0
2011-12-10,101.0
2011-12-11,101.0
2011-12-12,101.0
2011-12-13,101.0
2011-12-14,101.0
2011-12-15,101.0
2011-12-16,101.0
2011-12-17,101.0
2011-12-18,101.0
2011-12-19,101.0
2011-12-20,101.0
2011-12-21,101.0
2011-12-22,101.0
2011-12-23,101.0
2011-12-24,101.0
2011-12-25,101.0
2011-12-26,101.0
2011-12-27,101.0
2011-12-28,101.0
2011-12-29,101.0
2011-12-30,101.0
2011-12-31,101.0
2012-01-01,101.0
2012-01-02,101.0
2012-01-03,101.0
2012-01-04,101.0
2012-01-05,101.0
2012-01-06,101.0
2012-01-07,101.0
2012-01-08,101.0
2012-01-09,101.0
2012-01-10,101.0
2012-01-11,101.0
2012-01-12,101.0
2012-01-13,101.0
2012-01-14,101.0
2012-01-15,101.0
2012-01-16,101.0
2012-01-17,101.0
2012-01-18,101.0
2012-01-19,101.0
2012-01-20,101.0
2012-01-21,101.0
2012-01-22,101.0
2012-01-23,101.0
2012-01-24,101.0
2012-01-25,101.0
2012-01-26,101.0
2012-01-27,101.0
2012-01-28,101.0
2012-01-29,101.0
2012-01-30,101.0
2012-01-31,101.0
2012-02-01,101.0
2012-02-02,101.0
2012-02-03,101.0
2012-02-04,101.0
2012-02-05,101.0
2012-02-06,101.0
2012-02-07,101.0
2012-02-08,101.0
2012-02-09,101.0
2012-02-10,101.0
2012-02-11,101.0
2012-02-12,101.0
2012-02-13,101.0
2012-02-14,101.0
2012-02-15,101.0
2012-02-16,101.0
2012-02-17,101.0
2012-02-18,101.0
2012-02-19,101.0
2012-02-20,101.0
2012-02-21,101.0
2012-02-22,101.0
2012-02-23,101.0
2012-02-24,101.0
2012-02-25,101.0
2012-02-26,101.0
2012-02-27,101.0
2012-02-28,101.0
2012-02-29,101.0
2012-03-01,101.0
2012-03-02,101.0
2012-03-03,101.0
2012-03-04,101.0
2012-03-05,101.0
2012-03-06,101.0
2012-03-07,101.0
2012-03-08,101.0
2012-03-09,101.0
2012-03-10,101.0
2012-03-11,101.0
2012-03-12,101.0
2012-03-13,101.0
2012-03-14,101.0
2012-03-15,101.0
2012-03-16,101.0
2012-03-17,101.0
2012-03-18,101.0
2012-03-19,101.0
2012-03-20,101.0
2012-03-21,101.0
2012-03-22,101.0
2012-03-23,101.0
2012-03-24,101.0
2012-03-25,101.0
2012-03-26,101.0
2012-03-27,101.0
2012-03-28,101.0
2012-03-29,101.0
2012-03-30,101.0
2012-03-31,101.0
2012-04-01,101.0
2012-04-02,101.0
2012-04-03,101.0
2012-04-04,101.0
2012-04-05,101.0
2012-04-06,101.0
2012-04-07,101.0
2012-04-08,101.0
2012-04-09,101.0
2012-04-10,101.0
2012-04-11,101.0
2012-04-12,101.0
2012-04-13,101.0
2012-04-14,101.0
2012-04-15,101.0
2012-04-16,101.0
2012-04-17,101.0
2012-04-18,101.0
2012-04-19,101.0
2012-04-20,101.0
2012-04-21,101.0
2012-04-22,101.0
2012-04-23,101.0
2012-04-24,101.0
2012-04-25,101.0
2012-04-26,101.0
2012-04-27,101.0
2012-04-28,101.0
2012-04-29,101.0
2012-04-30,101.0
2012-05-01,101.0
2012-05-02,101.0
2012-05-03,101.0
2012-05-04,101.0
2012-05-05,101.0
2012-05-06,101.0
2012-05-07,101.0
2012-05-08,101.0
2012-05-09,101.0
2012-05-10,101.0
2012-05-11,101.0
2012-05-12,101.0
2012-05-13,101.0
2012-05-14,101.0
2012-05-15,101.0
2012-05-16,101.0
2012-05-17,101.0
2012-05-18,101.0
2012-05-19,101.0
2012-05-20,101.0
2012-05-21,101.0
2012-05-22,101.0
2012-05-23,101.0
2012-05-24,101.0
2012-05-25,101.0
2012-05-26,101.0
2012-05-27,101.0
2012-05-28,101.0
2012-05-29,101.0
2012-05-30,101.0
2012-05-31,101.0
2012-06-01,101.0
2012-06-02,94.0
2012-06-03,94.0
2012-06-04,94.0
2012-06-05,94.0
2012-06-06,94.0
2012-06-07,94.0
2012-06-08,94.0
2012-06-09,89.0
2012-06-10,89.0
2012-06-11,89.0
2012-06-12,89.0
2012-06-13,89.0
2012-06-14,89.0
2012-06-15,89.0
2012-06-16,88.0
2012-06-17,88.0
2012-06-18,88.0
2012-06-19,88.0
2012-06-20,88.0
2012-06-21,88.0
2012-06-22,88.0
2012-06-23,87.0
2012-06-24,87.0
2012-06-25,87.0
2012-06-26,87.0
2012-06-27,87.0
2012-06-28,87.0
2012-06-29,87.0
2012-06-30,85.0
2012-07-01,85.0
2012-07-02,85.0
2012-07-03,85.0
2012-07-04,85.0
2012-07-05,85.0
2012-07-06,85.0
2012-07-07,85.0
2012-07-08,85.0
2012-07-09,85.0
2012-07-10,85.0
2012-07-11,85.0
2012-07-12,85.0
2012-07-13,85.0
2012-07-14,85.0
2012-07-15,85.0
2012-07-16,85.0
2012-07-17,85.0
2012-07-18,85.0
2012-07-19,85.0
2012-07-20,85.0
2012-07-21,86.0
2012-07-22,86.0
2012-07-23,86.0
2012-07-24,86.0
2012-07-25,86.0
2012-07-26,86.0
2012-07-27,86.0
2012-07-28,88.0
2012-07-29,88.0
2012-07-30,88.0
2012-07-31,88.0
2012-08-01,88.0
2012-08-02,88.0
2012-08-03,88.0
2012-08-04,87.0
2012-08-05,87.0
2012-08-06,87.0
2012-08-07,87.0
2012-08-08,87.0
2012-08-09,87.0
2012-08-10,87.0
2012-08-11,86.0
2012-08-12,86.0
2012-08-13,86.0
2012-08-14,86.0
2012-08-15,86.0
2012-08-16,86.0
2012-08-17,86.0
2012-08-18,87.0
2012-08-19,87.0
2012-08-20,87.0
2012-08-21,87.0
2012-08-22,87.0
2012-08-23,87.0
2012-08-24,87.0
2012-08-25,84.0
2012-08-26,84.0
2012-08-27,84.0
2012-08-28,84.0
2012-08-29,84.0
2012-08-30,84.0
2012-08-31,84.0
2012-09-01,86.0
2012-09-02,86.0
2012-09-03,86.0
2012-09-04,86.0
2012-09-05,86.0
2012-09-06,86.0
2012-09-07,86.0
2012-09-08,79.0
2012-09-09,79.0
2012-09-10,79.0
2012-09-11,79.0
2012-09-12,79.0
2012-09-13,79.0
2012-09-14,79.0
2012-09-15,80.0
2012-09-16,80.0
2012-09-17,80.0
2012-09-18,80.0
2012-09-19,80.0
2012-09-20,80.0
2012-09-21,80.0
2012-09-22,78.0
2012-09-23,78.0
2012-09-24,78.0
2012-09-25,78.0
2012-09-26,78.0
2012-09-27,78.0
2012-09-28,78.0
2012-09-29,75.0
2012-09-30,75.0
2012-10-01,75.0
2012-10-02,75.0
2012-10-03,75.0
2012-10-04,75.0
2012-10-05,75.0
2012-10-06,75.0
2012-10-07,75.0
2012-10-08,75.0
2012-10-09,75.0
2012-10-10,75.0
2012-10-11,75.0
2012-10-12,75.0
2012-10-13,75.0
2012-10-14,75.0
2012-10-15,75.0
2012-10-16,75.0
2012-10-17,75.0
2012-10-18,75.0
2012-10-19,75.0
2012-10-20,75.0
2012-10-21,75.0
2012-10-22,75.0
2012-10-23,75.0
2012-10-24,75.0
2012-10-25,75.0
2012-10-26,75.0
2012-10-27,75.0
2012-10-28,75.0
2012-10-29,75.0
2012-10-30,75.0
2012-10-31,75.0
2012-11-01,75.0
2012-11-02,75.0
2012-11-03,72.0
2012-11-04,72.0
2012-11-05,72.0
2012-11-06,72.0
2012-11-07,72.0
2012-11-08,72.0
2012-11-09,72.0
2012-11-10,78.0
2012-11-11,78.0
2012-11-12,78.0
2012-11-13,78.0
2012-11-14,78.0
2012-11-15,78.0
2012-11-16,78.0
2012-11-17,82.0
2012-11-18,82.0
2012-11-19,82.0
2012-11-20,82.0
2012-11-21,82.0
2012-11-22,86.0
2012-11-23,86.0
2012-11-24,86.0
2012-11-25,86.0
2012-11-26,86.0
2012-11-27,86.0
2012-11-28,86.0
2012-11-29,86.0
2012-11-30,86.0
2012-12-01,84.0
2012-12-02,84.0
2012-12-03,84.0
2012-12-04,84.0
2012-12-05,84.0
2012-12-06,84.0
2012-12-07,84.0
2012-12-08,83.0
2012-12-09,83.0
2012-12-10,83.0
2012-12-11,83.0
2012-12-12,83.0
2012-12-13,83.0
2012-12-14,83.0
2012-12-15,82.0
2012-12-16,82.0
2012-12-17,82.0
2012-12-18,82.0
2012-12-19,82.0
2012-12-20,82.0
2012-12-21,82.0
2012-12-22,82.0
2012-12-23,82.0
2012-12-24,82.0
2012-12-25,82.0
2012-12-26,82.0
2012-12-27,82.0
2012-12-28,82.0
2012-12-29,80.0
2012-12-30,80.0
2012-12-31,80.0
2013-01-01,80.0
2013-01-02,80.0
2013-01-03,80.0
2013-01-04,80.0
2013-01-05,83.0
2013-01-06,83.0
2013-01-07,83.0
2013-01-08,83.0
2013-01-09,83.0
2013-01-10,83.0
2013-01-11,83.0
2013-01-12,88.0
2013-01-13,88.0
2013-01-14,88.0
2013-01-15,88.0
2013-01-16,88.0
2013-01-17,88.0
2013-01-18,88.0
2013-01-19,86.0
2013-01-20,86.0
2013-01-21,86.0
2013-01-22,86.0
2013-01-23,86.0
2013-01-24,86.0
2013-01-25,86.0
2013-01-26,88.0
2013-01-27,88.0
2013-01-28,88.0
2013-01-29,88.0
2013-01-30,88.0
2013-01-31,88.0
2013-02-01,88.0
2013-02-02,84.0
2013-02-03,84.0
2013-02-04,84.0
2013-02-05,84.0
2013-02-06,84.0
2013-02-07,84.0
2013-02-08,84.0
2013-02-09,82.0
2013-02-10,82.0
2013-02-11,82.0
2013-02-12,82.0
2013-02-13,82.0
2013-02-14,82.0
2013-02-15,82.0
2013-02-16,81.0
2013-02-17,81.0
2013-02-18,81.0
2013-02-19,81.0
2013-02-20,81.0
2013-02-21,81.0
2013-02-22,81.0
2013-02-23,75.0
2013-02-24,75.0
2013-02-25,75.0
2013-02-26,75.0
2013-02-27,75.0
2013-02-28,75.0
2013-03-01,75.0
2013-03-02,73.0
2013-03-03,73.0
2013-03-04,73.0
2013-03-05,73.0
2013-03-06,73.0
2013-03-07,73.0
2013-03-08,73.0
2013-03-09,76.0
2013-03-10,76.0
2013-03-11,76.0
2013-03-12,76.0
2013-03-13,76.0
2013-03-14,76.0
2013-03-15,76.0
2013-03-16,80.0
2013-03-17,80.0
2013-03-18,80.0
2013-03-19,80.0
2013-03-20,80.0
2013-03-21,80.0
2013-03-22,80.0
2013-03-23,81.0
2013-03-24,81.0
2013-03-25,81.0
2013-03-26,81.0
2013-03-27,81.0
2013-03-28,81.0
2013-03-29,81.0
2013-03-30,81.0
2013-03-31,81.0
2013-04-01,81.0
2013-04-02,81.0
2013-04-03,81.0
2013-04-04,81.0
2013-04-05,81.0
2013-04-06,79.0
2013-04-07,79.0
2013-04-08,79.0
2013-04-09,79.0
2013-04-10,79.0
2013-04-11,79.0
2013-04-12,79.0
2013-04-13,86.0
2013-04-14,86.0
2013-04-15,86.0
2013-04-16,86.0
2013-04-17,86.0
2013-04-18,86.0
2013-04-19,86.0
2013-04-20,87.0
2013-04-21,87.0
2013-04-22,87.0
2013-04-23,87.0
2013-04-24,87.0
2013-04-25,87.0
2013-04-26,87.0
2013-04-27,88.0
2013-04-28,88.0
2013-04-29,88.0
2013-04-30,88.0
2013-05-01,88.0
2013-05-02,88.0
2013-05-03,88.0
2013-05-04,87.0
2013-05-05,87.0
2013-05-06,87.0
2013-05-07,87.0
2013-05-08,87.0
2013-05-09,87.0
2013-05-10,87.0
2013-05-11,87.0
2013-05-12,87.0
2013-05-13,87.0
2013-05-14,87.0
2013-05-15,87.0
2013-05-16,87.0
2013-05-17,87.0
2013-05-18,86.0
2013-05-19,86.0
2013-05-20,86.0
2013-05-21,86.0
2013-05-22,86.0
2013-05-23,86.0
2013-05-24,86.0
2013-05-25,86.0
2013-05-26,86.0
2013-05-27,86.0
2013-05-28,86.0
2013-05-29,86.0
2013-05-30,86.0
2013-05-31,86.0
2013-06-01,87.0
2013-06-02,87.0
2013-06-03,87.0
2013-06-04,87.0
2013-06-05,87.0
2013-06-06,87.0
2013-06-07,87.0
2013-06-08,84.0
2013-06-09,84.0
2013-06-10,84.0
2013-06-11,84.0
2013-06-12,84.0
2013-06-13,84.0
2013-06-14,84.0
2013-06-15,83.0
2013-06-16,83.0
2013-06-17,83.0
2013-06-18,83.0
2013-06-19,83.0
2013-06-20,83.0
2013-06-21,83.0
2013-06-22,80.0
2013-06-23,80.0
2013-06-24,80.0
2013-06-25,80.0
2013-06-26,80.0
2013-06-27,80.0
2013-06-28,80.0
2013-06-29,82.0
2013-06-30,82.0
2013-07-01,82.0
2013-07-02,82.0
2013-07-03,82.0
2013-07-04,79.0
2013-07-05,79.0
2013-07-06,79.0
2013-07-07,79.0
2013-07-08,79.0
2013-07-09,79.0
2013-07-10,79.0
2013-07-11,79.0
2013-07-12,79.0
2013-07-13,83.0
2013-07-14,83.0
2013-07-15,83.0
2013-07-16,83.0
2013-07-17,83.0
2013-07-18,83.0
2013-07-19,83.0
2013-07-20,83.0
2013-07-21,83.0
2013-07-22,83.0
2013-07-23,83.0
2013-07-24,83.0
2013-07-25,83.0
2013-07-26,83.0
2013-07-27,82.0
2013-07-28,82.0
2013-07-29,82.0
2013-07-30,82.0
2013-07-31,82.0
2013-08-01,82.0
2013-08-02,82.0
2013-08-03,83.0
2013-08-04,83.0
2013-08-05,83.0
2013-08-06,83.0
2013-08-07,83.0
2013-08-08,83.0
2013-08-09,83.0
2013-08-10,81.0
2013-08-11,81.0
2013-08-12,81.0
2013-08-13,81.0
2013-08-14,81.0
2013-08-15,81.0
2013-08-16,81.0
2013-08-17,81.0
2013-08-18,81.0
2013-08-19,81.0
2013-08-20,81.0
2013-08-21,81.0
2013-08-22,81.0
2013-08-23,81.0
2013-08-24,85.0
2013-08-25,85.0
2013-08-26,85.0
2013-08-27,85.0
2013-08-28,85.0
2013-08-29,85.0
2013-08-30,85.0
2013-08-31,86.0
2013-09-01,86.0
2013-09-02,86.0
2013-09-03,86.0
2013-09-04,86.0
2013-09-05,86.0
2013-09-06,86.0
2013-09-07,89.0
2013-09-08,89.0
2013-09-09,89.0
2013-09-10,89.0
2013-09-11,89.0
2013-09-12,89.0
2013-09-13,89.0
2013-09-14,88.0
2013-09-15,88.0
2013-09-16,88.0
2013-09-17,88.0
2013-09-18,88.0
2013-09-19,88.0
2013-09-20,88.0
2013-09-21,87.0
2013-09-22,87.0
2013-09-23,87.0
2013-09-24,87.0
2013-09-25,87.0
2013-09-26,87.0
2013-09-27,87.0
2013-09-28,84.0
2013-09-29,84.0
2013-09-30,84.0
2013-10-01,84.0
2013-10-02,84.0
2013-10-03,84.0
2013-10-04,84.0
2013-10-05,83.0
2013-10-06,83.0
2013-10-07,83.0
2013-10-08,83.0
2013-10-09,83.0
2013-10-10,83.0
2013-10-11,83.0
2013-10-12,84.0
2013-10-13,84.0
2013-10-14,84.0
2013-10-15,84.0
2013-10-16,84.0
2013-10-17,84.0
2013-10-18,84.0
2013-10-19,83.0
2013-10-20,83.0
2013-10-21,83.0
2013-10-22,83.0
2013-10-23,83.0
2013-10-24,83.0
2013-10-25,83.0
2013-10-26,82.0
2013-10-27,82.0
2013-10-28,82.0
2013-10-29,82.0
2013-10-30,82.0
2013-10-31,82.0
2013-11-01,82.0
2013-11-02,84.0
2013-11-03,84.0
2013-11-04,84.0
2013-11-05,84.0
2013-11-06,84.0
2013-11-07,84.0
2013-11-08,84.0
2013-11-09,82.0
2013-11-10,82.0
2013-11-11,82.0
2013-11-12,82.0
2013-11-13,82.0
2013-11-14,82.0
2013-11-15,82.0
2013-11-16,85.0
2013-11-17,85.0
2013-11-18,85.0
2013-11-19,85.0
2013-11-20,85.0
2013-11-21,85.0
2013-11-22,85.0
2013-11-23,82.0
2013-11-24,82.0
2013-11-25,82.0
2013-11-26,82.0
2013-11-27,82.0
2013-11-28,77.0
2013-11-29,77.0
2013-11-30,77.0
2013-12-01,77.0
2013-12-02,77.0
2013-12-03,77.0
2013-12-04,77.0
2013-12-05,77.0
2013-12-06,77.0
2013-12-07,83.0
2013-12-08,83.0
2013-12-09,83.0
2013-12-10,83.0
2013-12-11,83.0
2013-12-12,83.0
2013-12-13,83.0
2013-12-14,82.0
2013-12-15,82.0
2013-12-16,82.0
2013-12-17,82.0
2013-12-18,82.0
2013-12-19,82.0
2013-12-20,82.0
2013-12-21,80.0
2013-12-22,80.0
2013-12-23,80.0
2013-12-24,80.0
2013-12-25,80.0
2013-12-26,80.0
2013-12-27,80.0
2013-12-28,81.0
2013-12-29,81.0
2013-12-30,81.0
2013-12-31,81.0
2014-01-01,81.0
2014-01-02,81.0
2014-01-03,81.0
2014-01-04,84.0
2014-01-05,84.0
2014-01-06,84.0
2014-01-07,84.0
2014-01-08,84.0
2014-01-09,84.0
2014-01-10,84.0
2014-01-11,83.0
2014-01-12,83.0
2014-01-13,83.0
2014-01-14,83.0
2014-01-15,83.0
2014-01-16,83.0
2014-01-17,83.0
2014-01-18,81.0
2014-01-19,81.0
2014-01-20,81.0
2014-01-21,81.0
2014-01-22,81.0
2014-01-23,81.0
2014-01-24,81.0
2014-01-25,78.0
2014-01-26,78.0
2014-01-27,78.0
2014-01-28,78.0
2014-01-29,78.0
2014-01-30,78.0
2014-01-31,78.0
2014-02-01,79.0
2014-02-02,79.0
2014-02-03,79.0
2014-02-04,79.0
2014-02-05,79.0
2014-02-06,79.0
2014-02-07,79.0
2014-02-08,81.0
2014-02-09,81.0
2014-02-10,81.0
2014-02-11,81.0
2014-02-12,81.0
2014-02-13,81.0
2014-02-14,81.0
2014-02-15,73.0
2014-02-16,73.0
2014-02-17,73.0
2014-02-18,73.0
2014-02-19,73.0
2014-02-20,73.0
2014-02-21,73.0
2014-02-22,75.0
2014-02-23,75.0
2014-02-24,75.0
2014-02-25,75.0
2014-02-26,75.0
2014-02-27,75.0
2014-02-28,75.0
2014-03-01,82.0
2014-03-02,82.0
2014-03-03,82.0
2014-03-04,82.0
2014-03-05,82.0
2014-03-06,82.0
2014-03-07,82.0
2014-03-08,81.0
2014-03-09,81.0
2014-03-10,81.0
2014-03-11,81.0
2014-03-12,81.0
2014-03-13,81.0
2014-03-14,81.0
2014-03-15,81.0
2014-03-16,81.0
2014-03-17,81.0
2014-03-18,81.0
2014-03-19,81.0
2014-03-20,81.0
2014-03-21,81.0
2014-03-22,83.0
2014-03-23,83.0
2014-03-24,83.0
2014-03-25,83.0
2014-03-26,83.0
2014-03-27,83.0
2014-03-28,83.0
2014-03-29,80.0
2014-03-30,80.0
2014-03-31,80.0
2014-04-01,80.0
2014-04-02,80.0
2014-04-03,80.0
2014-04-04,80.0
2014-04-05,81.0
2014-04-06,81.0
2014-04-07,81.0
2014-04-08,81.0
2014-04-09,81.0
2014-04-10,81.0
2014-04-11,81.0
2014-04-12,81.0
2014-04-13,81.0
2014-04-14,81.0
2014-04-15,81.0
2014-04-16,81.0
2014-04-17,81.0
2014-04-18,82.0
2014-04-19,82.0
2014-04-20,82.0
2014-04-21,82.0
2014-04-22,82.0
2014-04-23,82.0
2014-04-24,82.0
2014-04-25,82.0
2014-04-26,83.0
2014-04-27,83.0
2014-04-28,83.0
2014-04-29,83.0
2014-04-30,83.0
2014-05-01,83.0
2014-05-02,83.0
2014-05-03,85.0
2014-05-04,85.0
2014-05-05,85.0
2014-05-06,85.0
2014-05-07,85.0
2014-05-08,85.0
2014-05-09,85.0
2014-05-10,93.0
2014-05-11,93.0
2014-05-12,93.0
2014-05-13,93.0
2014-05-14,93.0
2014-05-15,93.0
2014-05-16,93.0
2014-05-17,91.0
2014-05-18,91.0
2014-05-19,91.0
2014-05-20,91.0
2014-05-21,91.0
2014-05-22,91.0
2014-05-23,91.0
2014-05-24,90.0
2014-05-25,90.0
2014-05-26,90.0
2014-05-27,90.0
2014-05-28,90.0
2014-05-29,90.0
2014-05-30,90.0
2014-05-31,87.0
2014-06-01,87.0
2014-06-02,87.0
2014-06-03,87.0
2014-06-04,87.0
2014-06-05,87.0
2014-06-06,87.0
2014-06-07,89.0
2014-06-08,89.0
2014-06-09,89.0
2014-06-10,89.0
2014-06-11,89.0
2014-06-12,89.0
2014-06-13,89.0
2014-06-14,92.0
2014-06-15,92.0
2014-06-16,92.0
2014-06-17,92.0
2014-06-18,92.0
2014-06-19,92.0
2014-06-20,92.0
2014-06-21,92.0
2014-06-22,92.0
2014-06-23,92.0
2014-06-24,92.0
2014-06-25,92.0
2014-06-26,92.0
2014-06-27,92.0
2014-06-28,92.0
2014-06-29,92.0
2014-06-30,92.0
2014-07-01,92.0
2014-07-02,92.0
2014-07-03,92.0
2014-07-04,85.0
2014-07-05,85.0
2014-07-06,85.0
2014-07-07,85.0
2014-07-08,85.0
2014-07-09,85.0
2014-07-10,85.0
2014-07-11,85.0
2014-07-12,83.0
2014-07-13,83.0
2014-07-14,83.0
2014-07-15,83.0
2014-07-16,83.0
2014-07-17,83.0
2014-07-18,83.0
2014-07-19,83.0
2014-07-20,83.0
2014-07-21,83.0
2014-07-22,83.0
2014-07-23,83.0
2014-07-24,83.0
2014-07-25,83.0
2014-07-26,82.0
2014-07-27,82.0
2014-07-28,82.0
2014-07-29,82.0
2014-07-30,82.0
2014-07-31,82.0
2014-08-01,82.0
2014-08-02,84.0
2014-08-03,84.0
2014-08-04,84.0
2014-08-05,84.0
2014-08-06,84.0
2014-08-07,84.0
2014-08-08,84.0
2014-08-09,82.0
2014-08-10,82.0
2014-08-11,82.0
2014-08-12,82.0
2014-08-13,82.0
2014-08-14,82.0
2014-08-15,82.0
2014-08-16,79.0
2014-08-17,79.0
2014-08-18,79.0
2014-08-19,79.0
2014-08-20,79.0
2014-08-21,79.0
2014-08-22,79.0
2014-08-23,81.0
2014-08-24,81.0
2014-08-25,81.0
2014-08-26,81.0
2014-08-27,81.0
2014-08-28,81.0
2014-08-29,81.0
2014-08-30,82.0
2014-08-31,82.0
2014-09-01,82.0
2014-09-02,82.0
2014-09-03,82.0
2014-09-04,82.0
2014-09-05,82.0
2014-09-06,86.0
2014-09-07,86.0
2014-09-08,86.0
2014-09-09,86.0
2014-09-10,86.0
2014-09-11,86.0
2014-09-12,86.0
2014-09-13,84.0
2014-09-14,84.0
2014-09-15,84.0
2014-09-16,84.0
2014-09-17,84.0
2014-09-18,84.0
2014-09-19,84.0
2014-09-20,83.0
2014-09-21,83.0
2014-09-22,83.0
2014-09-23,83.0
2014-09-24,83.0
2014-09-25,83.0
2014-09-26,83.0
2014-09-27,81.0
2014-09-28,81.0
2014-09-29,81.0
2014-09-30,81.0
2014-10-01,81.0
2014-10-02,81.0
2014-10-03,81.0
2014-10-04,82.0
2014-10-05,82.0
2014-10-06,82.0
2014-10-07,82.0
2014-10-08,82.0
2014-10-09,82.0
2014-10-10,82.0
2014-10-11,80.0
2014-10-12,80.0
2014-10-13,80.0
2014-10-14,80.0
2014-10-15,80.0
2014-10-16,80.0
2014-10-17,80.0
2014-10-18,80.0
2014-10-19,80.0
2014-10-20,80.0
2014-10-21,80.0
2014-10-22,80.0
2014-10-23,80.0
2014-10-24,80.0
2014-10-25,78.0
2014-10-26,78.0
2014-10-27,78.0
2014-10-28,78.0
2014-10-29,78.0
2014-10-30,78.0
2014-10-31,78.0
2014-11-01,87.0
2014-11-02,87.0
2014-11-03,87.0
2014-11-04,87.0
2014-11-05,87.0
2014-11-06,87.0
2014-11-07,87.0
2014-11-08,88.0
2014-11-09,88.0
2014-11-10,88.0
2014-11-11,88.0
2014-11-12,88.0
2014-11-13,88.0
2014-11-14,88.0
2014-11-15,88.0
2014-11-16,88.0
2014-11-17,88.0
2014-11-18,88.0
2014-11-19,88.0
2014-11-20,88.0
2014-11-21,88.0
2014-11-22,88.0
2014-11-23,88.0
2014-11-24,88.0
2014-11-25,88.0
2014-11-26,88.0
2014-11-27,85.0
2014-11-28,85.0
2014-11-29,85.0
2014-11-30,85.0
2014-12-01,85.0
2014-12-02,85.0
2014-12-03,85.0
2014-12-04,85.0
2014-12-05,85.0
2014-12-06,83.0
2014-12-07,83.0
2014-12-08,83.0
2014-12-09,83.0
2014-12-10,83.0
2014-12-11,83.0
2014-12-12,83.0
2014-12-13,85.0
2014-12-14,85.0
2014-12-15,85.0
2014-12-16,85.0
2014-12-17,85.0
2014-12-18,85.0
2014-12-19,85.0
2014-12-20,86.0
2014-12-21,86.0
2014-12-22,86.0
2014-12-23,86.0
2014-12-24,86.0
2014-12-25,86.0
2014-12-26,86.0
2014-12-27,86.0
2014-12-28,86.0
2014-12-29,86.0
2014-12-30,86.0
2014-12-31,86.0
2015-01-01,86.0
2015-01-02,86.0
2015-01-03,87.0
2015-01-04,87.0
2015-01-05,87.0
2015-01-06,87.0
2015-01-07,87.0
2015-01-08,87.0
2015-01-09,87.0
2015-01-10,83.0
2015-01-11,83.0
2015-01-12,83.0
2015-01-13,83.0
2015-01-14,83.0
2015-01-15,83.0
2015-01-16,83.0
2015-01-17,80.0
2015-01-18,80.0
2015-01-19,80.0
2015-01-20,80.0
2015-01-21,80.0
2015-01-22,80.0
2015-01-23,80.0
2015-01-24,76.0
2015-01-25,76.0
2015-01-26,76.0
2015-01-27,76.0
2015-01-28,76.0
2015-01-29,76.0
2015-01-30,76.0
2015-01-31,69.0
2015-02-01,69.0
2015-02-02,69.0
2015-02-03,69.0
2015-02-04,69.0
2015-02-05,69.0
2015-02-06,69.0
2015-02-07,71.0
2015-02-08,71.0
2015-02-09,71.0
2015-02-10,71.0
2015-02-11,71.0
2015-02-12,71.0
2015-02-13,71.0
2015-02-14,71.0
2015-02-15,71.0
2015-02-16,71.0
2015-02-17,71.0
2015-02-18,71.0
2015-02-19,71.0
2015-02-20,71.0
2015-02-21,69.0
2015-02-22,69.0
2015-02-23,69.0
2015-02-24,69.0
2015-02-25,69.0
2015-02-26,69.0
2015-02-27,69.0
2015-02-28,67.0
2015-03-01,67.0
2015-03-02,67.0
2015-03-03,67.0
2015-03-04,67.0
2015-03-05,67.0
2015-03-06,67.0
2015-03-07,65.0
2015-03-08,65.0
2015-03-09,65.0
2015-03-10,65.0
2015-03-11,65.0
2015-03-12,65.0
2015-03-13,65.0
2015-03-14,63.0
2015-03-15,63.0
2015-03-16,63.0
2015-03-17,63.0
2015-03-18,63.0
2015-03-19,63.0
2015-03-20,63.0
2015-03-21,58.0
2015-03-22,58.0
2015-03-23,58.0
2015-03-24,58.0
2015-03-25,58.0
2015-03-26,58.0
2015-03-27,58.0
2015-03-28,58.0
2015-03-29,58.0
2015-03-30,58.0
2015-03-31,58.0
2015-04-01,58.0
2015-04-02,58.0
2015-04-03,49.0
2015-04-04,49.0
2015-04-05,49.0
2015-04-06,49.0
2015-04-07,49.0
2015-04-08,49.0
2015-04-09,49.0
2015-04-10,49.0
2015-04-11,46.0
2015-04-12,46.0
2015-04-13,46.0
2015-04-14,46.0
2015-04-15,46.0
2015-04-16,46.0
2015-04-17,46.0
2015-04-18,43.0
2015-04-19,43.0
2015-04-20,43.0
2015-04-21,43.0
2015-04-22,43.0
2015-04-23,43.0
2015-04-24,43.0
2015-04-25,43.0
2015-04-26,43.0
2015-04-27,43.0
2015-04-28,43.0
2015-04-29,43.0
2015-04-30,43.0
2015-05-01,43.0
2015-05-02,43.0
2015-05-03,43.0
2015-05-04,43.0
2015-05-05,43.0
2015-05-06,43.0
2015-05-07,43.0
2015-05-08,43.0
2015-05-09,45.0
2015-05-10,45.0
2015-05-11,45.0
2015-05-12,45.0
2015-05-13,45.0
2015-05-14,45.0
2015-05-15,45.0
2015-05-16,44.0
2015-05-17,44.0
2015-05-18,44.0
2015-05-19,44.0
2015-05-20,44.0
2015-05-21,44.0
2015-05-22,44.0
2015-05-23,43.0
2015-05-24,43.0
2015-05-25,43.0
2015-05-26,43.0
2015-05-27,43.0
2015-05-28,43.0
2015-05-29,43.0
2015-05-30,40.0
2015-05-31,40.0
2015-06-01,40.0
2015-06-02,40.0
2015-06-03,40.0
2015-06-04,40.0
2015-06-05,40.0
2015-06-06,39.0
2015-06-07,39.0
2015-06-08,39.0
2015-06-09,39.0
2015-06-10,39.0
2015-06-11,39.0
2015-06-12,39.0
2015-06-13,39.0
2015-06-14,39.0
2015-06-15,39.0
2015-06-16,39.0
2015-06-17,39.0
2015-06-18,39.0
2015-06-19,39.0
2015-06-20,39.0
2015-06-21,39.0
2015-06-22,39.0
2015-06-23,39.0
2015-06-24,39.0
2015-06-25,39.0
2015-06-26,39.0
2015-06-27,40.0
2015-06-28,40.0
2015-06-29,40.0
2015-06-30,40.0
2015-07-01,40.0
2015-07-02,40.0
2015-07-03,40.0
2015-07-04,40.0
2015-07-05,40.0
2015-07-06,40.0
2015-07-07,40.0
2015-07-08,40.0
2015-07-09,40.0
2015-07-10,40.0
2015-07-11,41.0
2015-07-12,41.0
2015-07-13,41.0
2015-07-14,41.0
2015-07-15,41.0
2015-07-16,41.0
2015-07-17,41.0
2015-07-18,41.0
2015-07-19,41.0
2015-07-20,41.0
2015-07-21,41.0
2015-07-22,41.0
2015-07-23,41.0
2015-07-24,41.0
2015-07-25,48.0
2015-07-26,48.0
2015-07-27,48.0
2015-07-28,48.0
2015-07-29,48.0
2015-07-30,48.0
2015-07-31,48.0
2015-08-01,42.0
2015-08-02,42.0
2015-08-03,42.0
2015-08-04,42.0
2015-08-05,42.0
2015-08-06,42.0
2015-08-07,42.0
2015-08-08,42.0
2015-08-09,42.0
2015-08-10,42.0
2015-08-11,42.0
2015-08-12,42.0
2015-08-13,42.0
2015-08-14,42.0
2015-08-15,42.0
2015-08-16,42.0
2015-08-17,42.0
2015-08-18,42.0
2015-08-19,42.0
2015-08-20,42.0
2015-08-21,42.0
2015-08-22,42.0
2015-08-23,42.0
2015-08-24,42.0
2015-08-25,42.0
2015-08-26,42.0
2015-08-27,42.0
2015-08-28,42.0
2015-08-29,42.0
2015-08-30,42.0
2015-08-31,42.0
2015-09-01,42.0
2015-09-02,42.0
2015-09-03,42.0
2015-09-04,42.0
2015-09-05,39.0
2015-09-06,39.0
2015-09-07,39.0
2015-09-08,39.0
2015-09-09,39.0
2015-09-10,39.0
2015-09-11,39.0
2015-09-12,39.0
2015-09-13,39.0
2015-09-14,39.0
2015-09-15,39.0
2015-09-16,39.0
2015-09-17,39.0
2015-09-18,39.0
2015-09-19,39.0
2015-09-20,39.0
2015-09-21,39.0
2015-09-22,39.0
2015-09-23,39.0
2015-09-24,39.0
2015-09-25,39.0
2015-09-26,37.0
2015-09-27,37.0
2015-09-28,37.0
2015-09-29,37.0
2015-09-30,37.0
2015-10-01,37.0
2015-10-02,37.0
2015-10-03,38.0
2015-10-04,38.0
2015-10-05,38.0
2015-10-06,38.0
2015-10-07,38.0
2015-10-08,38.0
2015-10-09,38.0
2015-10-10,37.0
2015-10-11,37.0
2015-10-12,37.0
2015-10-13,37.0
2015-10-14,37.0
2015-10-15,37.0
2015-10-16,37.0
2015-10-17,37.0
2015-10-18,37.0
2015-10-19,37.0
2015-10-20,37.0
2015-10-21,37.0
2015-10-22,37.0
2015-10-23,37.0
2015-10-24,36.0
2015-10-25,36.0
2015-10-26,36.0
2015-10-27,36.0
2015-10-28,36.0
2015-10-29,36.0
2015-10-30,36.0
2015-10-31,35.0
2015-11-01,35.0
2015-11-02,35.0
2015-11-03,35.0
2015-11-04,35.0
2015-11-05,35.0
2015-11-06,35.0
2015-11-07,38.0
2015-11-08,38.0
2015-11-09,38.0
2015-11-10,38.0
2015-11-11,38.0
2015-11-12,38.0
2015-11-13,38.0
2015-11-14,39.0
2015-11-15,39.0
2015-11-16,39.0
2015-11-17,39.0
2015-11-18,39.0
2015-11-19,39.0
2015-11-20,39.0
2015-11-21,38.0
2015-11-22,38.0
2015-11-23,38.0
2015-11-24,38.0
2015-11-25,38.0
2015-11-26,38.0
2015-11-27,38.0
2015-11-28,38.0
2015-11-29,38.0
2015-11-30,38.0
2015-12-01,38.0
2015-12-02,38.0
2015-12-03,38.0
2015-12-04,38.0
2015-12-05,36.0
2015-12-06,36.0
2015-12-07,36.0
2015-12-08,36.0
2015-12-09,36.0
2015-12-10,36.0
2015-12-11,36.0
2015-12-12,36.0
2015-12-13,36.0
2015-12-14,36.0
2015-12-15,36.0
2015-12-16,36.0
2015-12-17,36.0
2015-12-18,36.0
2015-12-19,36.0
2015-12-20,36.0
2015-12-21,36.0
2015-12-22,36.0
2015-12-23,36.0
2015-12-24,36.0
2015-12-25,36.0
2015-12-26,36.0
2015-12-27,36.0
2015-12-28,36.0
2015-12-29,36.0
2015-12-30,36.0
2015-12-31,36.0
2016-01-01,33.0
2016-01-02,33.0
2016-01-03,33.0
2016-01-04,33.0
2016-01-05,33.0
2016-01-06,33.0
2016-01-07,33.0
2016-01-08,33.0
2016-01-09,33.0
2016-01-10,33.0
2016-01-11,33.0
2016-01-12,33.0
2016-01-13,33.0
2016-01-14,33.0
2016-01-15,33.0
2016-01-16,33.0
2016-01-17,33.0
2016-01-18,33.0
2016-01-19,33.0
2016-01-20,33.0
2016-01-21,33.0
2016-01-22,33.0
2016-01-23,33.0
2016-01-24,33.0
2016-01-25,33.0
2016-01-26,33.0
2016-01-27,33.0
2016-01-28,33.0
2016-01-29,33.0
2016-01-30,35.0
2016-01-31,35.0
2016-02-01,35.0
2016-02-02,35.0
2016-02-03,35.0
2016-02-04,35.0
2016-02-05,35.0
2016-02-06,32.0
2016-02-07,32.0
2016-02-08,32.0
2016-02-09,32.0
2016-02-10,32.0
2016-02-11,32.0
2016-02-12,32.0
2016-02-13,31.0
2016-02-14,31.0
2016-02-15,31.0
2016-02-16,31.0
2016-02-17,31.0
2016-02-18,31.0
2016-02-19,31.0
2016-02-20,24.0
2016-02-21,24.0
2016-02-22,24.0
2016-02-23,24.0
2016-02-24,24.0
2016-02-25,24.0
2016-02-26,24.0
2016-02-27,25.0
2016-02-28,25.0
2016-02-29,25.0
2016-03-01,25.0
2016-03-02,25.0
2016-03-03,25.0
2016-03-04,25.0
2016-03-05,23.0
2016-03-06,23.0
2016-03-07,23.0
2016-03-08,23.0
2016-03-09,23.0
2016-03-10,23.0
2016-03-11,23.0
2016-03-12,26.0
2016-03-13,26.0
2016-03-14,26.0
2016-03-15,26.0
2016-03-16,26.0
2016-03-17,26.0
2016-03-18,26.0
2016-03-19,22.0
2016-03-20,22.0
2016-03-21,22.0
2016-03-22,22.0
2016-03-23,22.0
2016-03-24,22.0
2016-03-25,21.0
2016-03-26,21.0
2016-03-27,21.0
2016-03-28,21.0
2016-03-29,21.0
2016-03-30,21.0
2016-03-31,21.0
2016-04-01,21.0
2016-04-02,18.0
2016-04-03,18.0
2016-04-04,18.0
2016-04-05,18.0
2016-04-06,18.0
2016-04-07,18.0
2016-04-08,18.0
2016-04-09,17.0
2016-04-10,17.0
2016-04-11,17.0
2016-04-12,17.0
2016-04-13,17.0
2016-04-14,17.0
2016-04-15,17.0
2016-04-16,17.0
2016-04-17,17.0
2016-04-18,17.0
2016-04-19,17.0
2016-04-20,17.0
2016-04-21,17.0
2016-04-22,17.0
2016-04-23,17.0
2016-04-24,17.0
2016-04-25,17.0
2016-04-26,17.0
2016-04-27,17.0
2016-04-28,17.0
2016-04-29,17.0
2016-04-30,16.0
2016-05-01,16.0
2016-05-02,16.0
2016-05-03,16.0
2016-05-04,16.0
2016-05-05,16.0
2016-05-06,16.0
2016-05-07,14.0
2016-05-08,14.0
2016-05-09,14.0
2016-05-10,14.0
2016-05-11,14.0
2016-05-12,14.0
2016-05-13,14.0
2016-05-14,13.0
2016-05-15,13.0
2016-05-16,13.0
2016-05-17,13.0
2016-05-18,13.0
2016-05-19,13.0
2016-05-20,13.0
2016-05-21,12.0
2016-05-22,12.0
2016-05-23,12.0
2016-05-24,12.0
2016-05-25,12.0
2016-05-26,12.0
2016-05-27,12.0
2016-05-28,12.0
2016-05-29,12.0
2016-05-30,12.0
2016-05-31,12.0
2016-06-01,12.0
2016-06-02,12.0
2016-06-03,12.0
2016-06-04,13.0
2016-06-05,13.0
2016-06-06,13.0
2016-06-07,13.0
2016-06-08,13.0
2016-06-09,13.0
2016-06-10,13.0
2016-06-11,14.0
2016-06-12,14.0
2016-06-13,14.0
2016-06-14,14.0
2016-06-15,14.0
2016-06-16,14.0
2016-06-17,14.0
2016-06-18,14.0
2016-06-19,14.0
2016-06-20,14.0
2016-06-21,14.0
2016-06-22,14.0
2016-06-23,14.0
2016-06-24,14.0
2016-06-25,14.0
2016-06-26,14.0
2016-06-27,14.0
2016-06-28,14.0
2016-06-29,14.0
2016-06-30,14.0
2016-07-01,14.0
2016-07-02,14.0
2016-07-03,14.0
2016-07-04,14.0
2016-07-05,14.0
2016-07-06,14.0
2016-07-07,14.0
2016-07-08,14.0
2016-07-09,16.0
2016-07-10,16.0
2016-07-11,16.0
2016-07-12,16.0
2016-07-13,16.0
2016-07-14,16.0
2016-07-15,16.0
2016-07-16,16.0
2016-07-17,16.0
2016-07-18,16.0
2016-07-19,16.0
2016-07-20,16.0
2016-07-21,16.0
2016-07-22,16.0
2016-07-23,13.0
2016-07-24,13.0
2016-07-25,13.0
2016-07-26,13.0
2016-07-27,13.0
2016-07-28,13.0
2016-07-29,13.0
2016-07-30,14.0
2016-07-31,14.0
2016-08-01,14.0
2016-08-02,14.0
2016-08-03,14.0
2016-08-04,14.0
2016-08-05,14.0
2016-08-06,15.0
2016-08-07,15.0
2016-08-08,15.0
2016-08-09,15.0
2016-08-10,15.0
2016-08-11,15.0
2016-08-12,15.0
2016-08-13,13.0
2016-08-14,13.0
2016-08-15,13.0
2016-08-16,13.0
2016-08-17,13.0
2016-08-18,13.0
2016-08-19,13.0
2016-08-20,13.0
2016-08-21,13.0
2016-08-22,13.0
2016-08-23,13.0
2016-08-24,13.0
2016-08-25,13.0
2016-08-26,13.0
2016-08-27,14.0
2016-08-28,14.0
2016-08-29,14.0
2016-08-30,14.0
2016-08-31,14.0
2016-09-01,14.0
2016-09-02,14.0
2016-09-03,14.0
2016-09-04,14.0
2016-09-05,14.0
2016-09-06,14.0
2016-09-07,14.0
2016-09-08,14.0
2016-09-09,14.0
2016-09-10,15.0
2016-09-11,15.0
2016-09-12,15.0
2016-09-13,15.0
2016-09-14,15.0
2016-09-15,15.0
2016-09-16,15.0
2016-09-17,14.0
2016-09-18,14.0
2016-09-19,14.0
2016-09-20,14.0
2016-09-21,14.0
2016-09-22,14.0
2016-09-23,14.0
2016-09-24,11.0
2016-09-25,11.0
2016-09-26,11.0
2016-09-27,11.0
2016-09-28,11.0
2016-09-29,11.0
2016-09-30,11.0
2016-10-01,11.0
2016-10-02,11.0
2016-10-03,11.0
2016-10-04,11.0
2016-10-05,11.0
2016-10-06,11.0
2016-10-07,11.0
2016-10-08,11.0
2016-10-09,11.0
2016-10-10,11.0
2016-10-11,11.0
2016-10-12,11.0
2016-10-13,11.0
2016-10-14,11.0
2016-10-15,13.0
2016-10-16,13.0
2016-10-17,13.0
2016-10-18,13.0
2016-10-19,13.0
2016-10-20,13.0
2016-10-21,13.0
2016-10-22,14.0
2016-10-23,14.0
2016-10-24,14.0
2016-10-25,14.0
2016-10-26,14.0
2016-10-27,14.0
2016-10-28,14.0
2016-10-29,14.0
2016-10-30,14.0
2016-10-31,14.0
2016-11-01,14.0
2016-11-02,14.0
2016-11-03,14.0
2016-11-04,14.0
2016-11-05,16.0
2016-11-06,16.0
2016-11-07,16.0
2016-11-08,16.0
2016-11-09,16.0
2016-11-10,16.0
2016-11-11,16.0
2016-11-12,17.0
2016-11-13,17.0
2016-11-14,17.0
2016-11-15,17.0
2016-11-16,17.0
2016-11-17,17.0
2016-11-18,17.0
2016-11-19,18.0
2016-11-20,18.0
2016-11-21,18.0
2016-11-22,18.0
2016-11-23,18.0
2016-11-24,19.0
2016-11-25,19.0
2016-11-26,19.0
2016-11-27,19.0
2016-11-28,19.0
2016-11-29,19.0
2016-11-30,19.0
2016-12-01,19.0
2016-12-02,19.0
2016-12-03,25.0
2016-12-04,25.0
2016-12-05,25.0
2016-12-06,25.0
2016-12-07,25.0
2016-12-08,25.0
2016-12-09,25.0
2016-12-10,25.0
2016-12-11,25.0
2016-12-12,25.0
2016-12-13,25.0
2016-12-14,25.0
2016-12-15,25.0
2016-12-16,25.0
2016-12-17,23.0
2016-12-18,23.0
2016-12-19,23.0
2016-12-20,23.0
2016-12-21,23.0
2016-12-22,23.0
2016-12-23,23.0
2016-12-24,23.0
2016-12-25,23.0
2016-12-26,23.0
2016-12-27,23.0
2016-12-28,23.0
2016-12-29,23.0
2016-12-30,23.0
2016-12-31,24.0
2017-01-01,24.0
2017-01-02,24.0
2017-01-03,24.0
2017-01-04,24.0
2017-01-05,24.0
2017-01-06,24.0
2017-01-07,21.0
2017-01-08,21.0
2017-01-09,21.0
2017-01-10,21.0
2017-01-11,21.0
2017-01-12,21.0
2017-01-13,21.0
2017-01-14,23.0
2017-01-15,23.0
2017-01-16,23.0
2017-01-17,23.0
2017-01-18,23.0
2017-01-19,23.0
2017-01-20,23.0
2017-01-21,25.0
2017-01-22,25.0
2017-01-23,25.0
2017-01-24,25.0
2017-01-25,25.0
2017-01-26,25.0
2017-01-27,25.0
2017-01-28,25.0
2017-01-29,25.0
2017-01-30,25.0
2017-01-31,25.0
2017-02-01,25.0
2017-02-02,25.0
2017-02-03,25.0
2017-02-04,27.0
2017-02-05,27.0
2017-02-06,27.0
2017-02-07,27.0
2017-02-08,27.0
2017-02-09,27.0
2017-02-10,27.0
2017-02-11,29.0
2017-02-12,29.0
2017-02-13,29.0
2017-02-14,29.0
2017-02-15,29.0
2017-02-16,29.0
2017-02-17,29.0
2017-02-18,30.0
2017-02-19,30.0
2017-02-20,30.0
2017-02-21,30.0
2017-02-22,30.0
2017-02-23,30.0
2017-02-24,30.0
2017-02-25,32.0
2017-02-26,32.0
2017-02-27,32.0
2017-02-28,32.0
2017-03-01,32.0
2017-03-02,32.0
2017-03-03,32.0
2017-03-04,32.0
2017-03-05,32.0
2017-03-06,32.0
2017-03-07,32.0
2017-03-08,32.0
2017-03-09,32.0
2017-03-10,32.0
2017-03-11,30.0
2017-03-12,30.0
2017-03-13,30.0
2017-03-14,30.0
2017-03-15,30.0
2017-03-16,30.0
2017-03-17,30.0
2017-03-18,33.0
2017-03-19,33.0
2017-03-20,33.0
2017-03-21,33.0
2017-03-22,33.0
2017-03-23,33.0
2017-03-24,33.0
2017-03-25,33.0
2017-03-26,33.0
2017-03-27,33.0
2017-03-28,33.0
2017-03-29,33.0
2017-03-30,33.0
2017-03-31,33.0
2017-04-01,32.0
2017-04-02,32.0
2017-04-03,32.0
2017-04-04,32.0
2017-04-05,32.0
2017-04-06,32.0
2017-04-07,32.0
2017-04-08,34.0
2017-04-09,34.0
2017-04-10,34.0
2017-04-11,34.0
2017-04-12,34.0
2017-04-13,34.0
2017-04-14,34.0
2017-04-15,34.0
2017-04-16,34.0
2017-04-17,34.0
2017-04-18,34.0
2017-04-19,34.0
2017-04-20,34.0
2017-04-21,34.0
2017-04-22,36.0
2017-04-23,36.0
2017-04-24,36.0
2017-04-25,36.0
2017-04-26,36.0
2017-04-27,36.0
2017-04-28,36.0
2017-04-29,36.0
2017-04-30,36.0
2017-05-01,36.0
2017-05-02,36.0
2017-05-03,36.0
2017-05-04,36.0
2017-05-05,36.0
2017-05-06,35.0
2017-05-07,35.0
2017-05-08,35.0
2017-05-09,35.0
2017-05-10,35.0
2017-05-11,35.0
2017-05-12,35.0
2017-05-13,37.0
2017-05-14,37.0
2017-05-15,37.0
2017-05-16,37.0
2017-05-17,37.0
2017-05-18,37.0
2017-05-19,37.0
2017-05-20,35.0
2017-05-21,35.0
2017-05-22,35.0
2017-05-23,35.0
2017-05-24,35.0
2017-05-25,35.0
2017-05-26,35.0
2017-05-27,34.0
2017-05-28,34.0
2017-05-29,34.0
2017-05-30,34.0
2017-05-31,34.0
2017-06-01,34.0
2017-06-02,34.0
2017-06-03,33.0
2017-06-04,33.0
2017-06-05,33.0
2017-06-06,33.0
2017-06-07,33.0
2017-06-08,33.0
2017-06-09,33.0
2017-06-10,33.0
2017-06-11,33.0
2017-06-12,33.0
2017-06-13,33.0
2017-06-14,33.0
2017-06-15,33.0
2017-06-16,33.0
2017-06-17,33.0
2017-06-18,33.0
2017-06-19,33.0
2017-06-20,33.0
2017-06-21,33.0
2017-06-22,33.0
2017-06-23,33.0
2017-06-24,37.0
2017-06-25,37.0
2017-06-26,37.0
2017-06-27,37.0
2017-06-28,37.0
2017-06-29,37.0
2017-06-30,37.0
2017-07-01,37.0
2017-07-02,37.0
2017-07-03,37.0
2017-07-04,37.0
2017-07-05,37.0
2017-07-06,37.0
2017-07-07,37.0
2017-07-08,37.0
2017-07-09,37.0
2017-07-10,37.0
2017-07-11,37.0
2017-07-12,37.0
2017-07-13,37.0
2017-07-14,37.0
2017-07-15,35.0
2017-07-16,35.0
2017-07-17,35.0
2017-07-18,35.0
2017-07-19,35.0
2017-07-20,35.0
2017-07-21,35.0
2017-07-22,29.0
2017-07-23,29.0
2017-07-24,29.0
2017-07-25,29.0
2017-07-26,29.0
2017-07-27,29.0
2017-07-28,29.0
2017-07-29,31.0
2017-07-30,31.0
2017-07-31,31.0
2017-08-01,31.0
2017-08-02,31.0
2017-08-03,31.0
2017-08-04,31.0
2017-08-05,28.0
2017-08-06,28.0
2017-08-07,28.0
2017-08-08,28.0
2017-08-09,28.0
2017-08-10,28.0
2017-08-11,28.0
2017-08-12,30.0
2017-08-13,30.0
2017-08-14,30.0
2017-08-15,30.0
2017-08-16,30.0
2017-08-17,30.0
2017-08-18,30.0
2017-08-19,31.0
2017-08-20,31.0
2017-08-21,31.0
2017-08-22,31.0
2017-08-23,31.0
2017-08-24,31.0
2017-08-25,31.0
2017-08-26,31.0
2017-08-27,31.0
2017-08-28,31.0
2017-08-29,31.0
2017-08-30,31.0
2017-08-31,31.0
2017-09-01,31.0
2017-09-02,29.0
2017-09-03,29.0
2017-09-04,29.0
2017-09-05,29.0
2017-09-06,29.0
2017-09-07,29.0
2017-09-08,29.0
2017-09-09,26.0
2017-09-10,26.0
2017-09-11,26.0
2017-09-12,26.0
2017-09-13,26.0
2017-09-14,26.0
2017-09-15,26.0
2017-09-16,27.0
2017-09-17,27.0
2017-09-18,27.0
2017-09-19,27.0
2017-09-20,27.0
2017-09-21,27.0
2017-09-22,27.0
2017-09-23,27.0
2017-09-24,27.0
2017-09-25,27.0
2017-09-26,27.0
2017-09-27,27.0
2017-09-28,27.0
2017-09-29,27.0
2017-09-30,27.0
2017-10-01,27.0
2017-10-02,27.0
2017-10-03,27.0
2017-10-04,27.0
2017-10-05,27.0
2017-10-06,27.0
2017-10-07,29.0
2017-10-08,29.0
2017-10-09,29.0
2017-10-10,29.0
2017-10-11,29.0
2017-10-12,29.0
2017-10-13,29.0
2017-10-14,32.0
2017-10-15,32.0
2017-10-16,32.0
2017-10-17,32.0
2017-10-18,32.0
2017-10-19,32.0
2017-10-20,32.0
2017-10-21,33.0
2017-10-22,33.0
2017-10-23,33.0
2017-10-24,33.0
2017-10-25,33.0
2017-10-26,33.0
2017-10-27,33.0
2017-10-28,36.0
2017-10-29,36.0
2017-10-30,36.0
2017-10-31,36.0
2017-11-01,36.0
2017-11-02,36.0
2017-11-03,36.0
2017-11-04,31.0
2017-11-05,31.0
2017-11-06,31.0
2017-11-07,31.0
2017-11-08,31.0
2017-11-09,31.0
2017-11-10,31.0
2017-11-11,30.0
2017-11-12,30.0
2017-11-13,30.0
2017-11-14,30.0
2017-11-15,30.0
2017-11-16,30.0
2017-11-17,30.0
2017-11-18,30.0
2017-11-19,30.0
2017-11-20,30.0
2017-11-21,30.0
2017-11-22,30.0
2017-11-23,30.0
2017-11-24,30.0
2017-11-25,30.0
2017-11-26,30.0
2017-11-27,30.0
2017-11-28,30.0
2017-11-29,30.0
2017-11-30,30.0
2017-12-01,30.0
2017-12-02,30.0
2017-12-03,30.0
2017-12-04,30.0
2017-12-05,30.0
2017-12-06,30.0
2017-12-07,30.0
2017-12-08,30.0
2017-12-09,29.0
2017-12-10,29.0
2017-12-11,29.0
2017-12-12,29.0
2017-12-13,29.0
2017-12-14,29.0
2017-12-15,29.0
2017-12-16,29.0
2017-12-17,29.0
2017-12-18,29.0
2017-12-19,29.0
2017-12-20,29.0
2017-12-21,29.0
2017-12-22,29.0
2017-12-23,29.0
2017-12-24,29.0
2017-12-25,29.0
2017-12-26,29.0
2017-12-27,29.0
2017-12-28,29.0
2017-12-29,29.0
2017-12-30,29.0
2017-12-31,29.0
2018-01-01,29.0
2018-01-02,29.0
2018-01-03,29.0
2018-01-04,29.0
2018-01-05,29.0
2018-01-06,30.0
2018-01-07,30.0
2018-01-08,30.0
2018-01-09,30.0
2018-01-10,30.0
2018-01-11,30.0
2018-01-12,30.0
2018-01-13,30.0
2018-01-14,30.0
2018-01-15,30.0
2018-01-16,30.0
2018-01-17,30.0
2018-01-18,30.0
2018-01-19,30.0
2018-01-20,29.0
2018-01-21,29.0
2018-01-22,29.0
2018-01-23,29.0
2018-01-24,29.0
2018-01-25,29.0
2018-01-26,29.0
2018-01-27,29.0
2018-01-28,29.0
2018-01-29,29.0
2018-01-30,29.0
2018-01-31,29.0
2018-02-01,29.0
2018-02-02,29.0
2018-02-03,29.0
2018-02-04,29.0
2018-02-05,29.0
2018-02-06,29.0
2018-02-07,29.0
2018-02-08,29.0
2018-02-09,29.0
2018-02-10,30.0
2018-02-11,30.0
2018-02-12,30.0
2018-02-13,30.0
2018-02-14,30.0
2018-02-15,30.0
2018-02-16,30.0
2018-02-17,30.0
2018-02-18,30.0
2018-02-19,30.0
2018-02-20,30.0
2018-02-21,30.0
2018-02-22,30.0
2018-02-23,30.0
2018-02-24,29.0
2018-02-25,29.0
2018-02-26,29.0
2018-02-27,29.0
2018-02-28,29.0
2018-03-01,29.0
2018-03-02,29.0
2018-03-03,31.0
2018-03-04,31.0
2018-03-05,31.0
2018-03-06,31.0
2018-03-07,31.0
2018-03-08,31.0
2018-03-09,31.0
2018-03-10,31.0
2018-03-11,31.0
2018-03-12,31.0
2018-03-13,31.0
2018-03-14,31.0
2018-03-15,31.0
2018-03-16,31.0
2018-03-17,31.0
2018-03-18,31.0
2018-03-19,31.0
2018-03-20,31.0
2018-03-21,31.0
2018-03-22,31.0
2018-03-23,31.0
2018-03-24,31.0
2018-03-25,31.0
2018-03-26,31.0
2018-03-27,31.0
2018-03-28,31.0
2018-03-29,31.0
2018-03-30,30.0
2018-03-31,30.0
2018-04-01,30.0
2018-04-02,30.0
2018-04-03,30.0
2018-04-04,30.0
2018-04-05,30.0
2018-04-06,30.0
2018-04-07,30.0
2018-04-08,30.0
2018-04-09,30.0
2018-04-10,30.0
2018-04-11,30.0
2018-04-12,30.0
2018-04-13,30.0
2018-04-14,29.0
2018-04-15,29.0
2018-04-16,29.0
2018-04-17,29.0
2018-04-18,29.0
2018-04-19,29.0
2018-04-20,29.0
2018-04-21,25.0
2018-04-22,25.0
2018-04-23,25.0
2018-04-24,25.0
2018-04-25,25.0
2018-04-26,25.0
2018-04-27,25.0
2018-04-28,26.0
2018-04-29,26.0
2018-04-30,26.0
2018-05-01,26.0
2018-05-02,26.0
2018-05-03,26.0
2018-05-04,26.0
2018-05-05,28.0
2018-05-06,28.0
2018-05-07,28.0
2018-05-08,28.0
2018-05-09,28.0
2018-05-10,28.0
2018-05-11,28.0
2018-05-12,29.0
2018-05-13,29.0
2018-05-14,29.0
2018-05-15,29.0
2018-05-16,29.0
2018-05-17,29.0
2018-05-18,29.0
2018-05-19,28.0
2018-05-20,28.0
2018-05-21,28.0
2018-05-22,28.0
2018-05-23,28.0
2018-05-24,28.0
2018-05-25,28.0
2018-05-26,29.0
2018-05-27,29.0
2018-05-28,29.0
2018-05-29,29.0
2018-05-30,29.0
2018-05-31,29.0
2018-06-01,29.0
2018-06-02,29.0
2018-06-03,29.0
2018-06-04,29.0
2018-06-05,29.0
2018-06-06,29.0
2018-06-07,29.0
2018-06-08,29.0
2018-06-09,31.0
2018-06-10,31.0
2018-06-11,31.0
2018-06-12,31.0
2018-06-13,31.0
2018-06-14,31.0
2018-06-15,31.0
2018-06-16,31.0
2018-06-17,31.0
2018-06-18,31.0
2018-06-19,31.0
2018-06-20,31.0
2018-06-21,31.0
2018-06-22,31.0
2018-06-23,31.0
2018-06-24,31.0
2018-06-25,31.0
2018-06-26,31.0
2018-06-27,31.0
2018-06-28,31.0
2018-06-29,31.0
2018-06-30,30.0
2018-07-01,30.0
2018-07-02,30.0
2018-07-03,30.0
2018-07-04,30.0
2018-07-05,30.0
2018-07-06,30.0
2018-07-07,30.0
2018-07-08,30.0
2018-07-09,30.0
2018-07-10,30.0
2018-07-11,30.0
2018-07-12,30.0
2018-07-13,30.0
2018-07-14,32.0
2018-07-15,32.0
2018-07-16,32.0
2018-07-17,32.0
2018-07-18,32.0
2018-07-19,32.0
2018-07-20,32.0
2018-07-21,32.0
2018-07-22,32.0
2018-07-23,32.0
2018-07-24,32.0
2018-07-25,32.0
2018-07-26,32.0
2018-07-27,32.0
2018-07-28,32.0
2018-07-29,32.0
2018-07-30,32.0
2018-07-31,32.0
2018-08-01,32.0
2018-08-02,32.0
2018-08-03,32.0
2018-08-04,30.0
2018-08-05,30.0
2018-08-06,30.0
2018-08-07,30.0
2018-08-08,30.0
2018-08-09,30.0
2018-08-10,30.0
2018-08-11,30.0
2018-08-12,30.0
2018-08-13,30.0
2018-08-14,30.0
2018-08-15,30.0
2018-08-16,30.0
2018-08-17,30.0
2018-08-18,29.0
2018-08-19,29.0
2018-08-20,29.0
2018-08-21,29.0
2018-08-22,29.0
2018-08-23,29.0
2018-08-24,29.0
2018-08-25,28.0
2018-08-26,28.0
2018-08-27,28.0
2018-08-28,28.0
2018-08-29,28.0
2018-08-30,28.0
2018-08-31,28.0
2018-09-01,28.0
2018-09-02,28.0
2018-09-03,28.0
2018-09-04,28.0
2018-09-05,28.0
2018-09-06,28.0
2018-09-07,28.0
2018-09-08,28.0
2018-09-09,28.0
2018-09-10,28.0
2018-09-11,28.0
2018-09-12,28.0
2018-09-13,28.0
2018-09-14,28.0
2018-09-15,29.0
2018-09-16,29.0
2018-09-17,29.0
2018-09-18,29.0
2018-09-19,29.0
2018-09-20,29.0
2018-09-21,29.0
2018-09-22,29.0
2018-09-23,29.0
2018-09-24,29.0
2018-09-25,29.0
2018-09-26,29.0
2018-09-27,29.0
2018-09-28,29.0
2018-09-29,30.0
2018-09-30,30.0
2018-10-01,30.0
2018-10-02,30.0
2018-10-03,30.0
2018-10-04,30.0
2018-10-05,30.0
2018-10-06,32.0
2018-10-07,32.0
2018-10-08,32.0
2018-10-09,32.0
2018-10-10,32.0
2018-10-11,32.0
2018-10-12,32.0
2018-10-13,30.0
2018-10-14,30.0
2018-10-15,30.0
2018-10-16,30.0
2018-10-17,30.0
2018-10-18,30.0
2018-10-19,30.0
2018-10-20,30.0
2018-10-21,30.0
2018-10-22,30.0
2018-10-23,30.0
2018-10-24,30.0
2018-10-25,30.0
2018-10-26,30.0
2018-10-27,28.0
2018-10-28,28.0
2018-10-29,28.0
2018-10-30,28.0
2018-10-31,28.0
2018-11-01,28.0
2018-11-02,28.0
2018-11-03,29.0
2018-11-04,29.0
2018-11-05,29.0
2018-11-06,29.0
2018-11-07,29.0
2018-11-08,29.0
2018-11-09,29.0
2018-11-10,29.0
2018-11-11,29.0
2018-11-12,29.0
2018-11-13,29.0
2018-11-14,29.0
2018-11-15,29.0
2018-11-16,29.0
2018-11-17,29.0
2018-11-18,29.0
2018-11-19,29.0
2018-11-20,29.0
2018-11-21,29.0
2018-11-22,27.0
2018-11-23,27.0
2018-11-24,27.0
2018-11-25,27.0
2018-11-26,27.0
2018-11-27,27.0
2018-11-28,27.0
2018-11-29,27.0
2018-11-30,27.0
2018-12-01,30.0
2018-12-02,30.0
2018-12-03,30.0
2018-12-04,30.0
2018-12-05,30.0
2018-12-06,30.0
2018-12-07,30.0
2018-12-08,29.0
2018-12-09,29.0
2018-12-10,29.0
2018-12-11,29.0
2018-12-12,29.0
2018-12-13,29.0
2018-12-14,29.0
2018-12-15,30.0
2018-12-16,30.0
2018-12-17,30.0
2018-12-18,30.0
2018-12-19,30.0
2018-12-20,30.0
2018-12-21,30.0
2018-12-22,30.0
2018-12-23,30.0
2018-12-24,30.0
2018-12-25,30.0
2018-12-26,30.0
2018-12-27,30.0
2018-12-28,30.0
2018-12-29,30.0
2018-12-30,30.0
2018-12-31,30.0
2019-01-01,30.0
2019-01-02,30.0
2019-01-03,30.0
2019-01-04,30.0
2019-01-05,29.0
2019-01-06,29.0
2019-01-07,29.0
2019-01-08,29.0
2019-01-09,29.0
2019-01-10,29.0
2019-01-11,29.0
2019-01-12,29.0
2019-01-13,29.0
2019-01-14,29.0
2019-01-15,29.0
2019-01-16,29.0
2019-01-17,29.0
2019-01-18,29.0
2019-01-19,30.0
2019-01-20,30.0
2019-01-21,30.0
2019-01-22,30.0
2019-01-23,30.0
2019-01-24,30.0
2019-01-25,30.0
2019-01-26,30.0
2019-01-27,30.0
2019-01-28,30.0
2019-01-29,30.0
2019-01-30,30.0
2019-01-31,30.0
2019-02-01,30.0
2019-02-02,32.0
2019-02-03,32.0
2019-02-04,32.0
2019-02-05,32.0
2019-02-06,32.0
2019-02-07,32.0
2019-02-08,32.0
2019-02-09,32.0
2019-02-10,32.0
2019-02-11,32.0
2019-02-12,32.0
2019-02-13,32.0
2019-02-14,32.0
2019-02-15,32.0
2019-02-16,31.0
2019-02-17,31.0
2019-02-18,31.0
2019-02-19,31.0
2019-02-20,31.0
2019-02-21,31.0
2019-02-22,31.0
2019-02-23,31.0
2019-02-24,31.0
2019-02-25,31.0
2019-02-26,31.0
2019-02-27,31.0
2019-02-28,31.0
2019-03-01,31.0
2019-03-02,33.0
2019-03-03,33.0
2019-03-04,33.0
2019-03-05,33.0
2019-03-06,33.0
2019-03-07,33.0
2019-03-08,33.0
2019-03-09,33.0
2019-03-10,33.0
2019-03-11,33.0
2019-03-12,33.0
2019-03-13,33.0
2019-03-14,33.0
2019-03-15,33.0
2019-03-16,33.0
2019-03-17,33.0
2019-03-18,33.0
2019-03-19,33.0
2019-03-20,33.0
2019-03-21,33.0
2019-03-22,33.0
2019-03-23,32.0
2019-03-24,32.0
2019-03-25,32.0
2019-03-26,32.0
2019-03-27,32.0
2019-03-28,32.0
2019-03-29,32.0
2019-03-30,31.0
2019-03-31,31.0
2019-04-01,31.0
2019-04-02,31.0
2019-04-03,31.0
2019-04-04,31.0
2019-04-05,31.0
2019-04-06,31.0
2019-04-07,31.0
2019-04-08,31.0
2019-04-09,31.0
2019-04-10,31.0
2019-04-11,31.0
2019-04-12,31.0
2019-04-13,32.0
2019-04-14,32.0
2019-04-15,32.0
2019-04-16,32.0
2019-04-17,32.0
2019-04-18,32.0
2019-04-19,32.0
2019-04-20,32.0
2019-04-21,32.0
2019-04-22,32.0
2019-04-23,32.0
2019-04-24,32.0
2019-04-25,32.0
2019-04-26,32.0
2019-04-27,33.0
2019-04-28,33.0
2019-04-29,33.0
2019-04-30,33.0
2019-05-01,33.0
2019-05-02,33.0
2019-05-03,33.0
2019-05-04,35.0
2019-05-05,35.0
2019-05-06,35.0
2019-05-07,35.0
2019-05-08,35.0
2019-05-09,35.0
2019-05-10,35.0
2019-05-11,35.0
2019-05-12,35.0
2019-05-13,35.0
2019-05-14,35.0
2019-05-15,35.0
2019-05-16,35.0
2019-05-17,35.0
2019-05-18,33.0
2019-05-19,33.0
2019-05-20,33.0
2019-05-21,33.0
2019-05-22,33.0
2019-05-23,33.0
2019-05-24,33.0
2019-05-25,32.0
2019-05-26,32.0
2019-05-27,32.0
2019-05-28,32.0
2019-05-29,32.0
2019-05-30,32.0
2019-05-31,32.0
2019-06-01,33.0
2019-06-02,33.0
2019-06-03,33.0
2019-06-04,33.0
2019-06-05,33.0
2019-06-06,33.0
2019-06-07,33.0
2019-06-08,32.0
2019-06-09,32.0
2019-06-10,32.0
2019-06-11,32.0
2019-06-12,32.0
2019-06-13,32.0
2019-06-14,32.0
2019-06-15,32.0
2019-06-16,32.0
2019-06-17,32.0
2019-06-18,32.0
2019-06-19,32.0
2019-06-20,32.0
2019-06-21,32.0
2019-06-22,29.0
2019-06-23,29.0
2019-06-24,29.0
2019-06-25,29.0
2019-06-26,29.0
2019-06-27,29.0
2019-06-28,29.0
2019-06-29,29.0
2019-06-30,29.0
2019-07-01,29.0
2019-07-02,29.0
2019-07-03,29.0
2019-07-04,32.0
2019-07-05,32.0
2019-07-06,32.0
2019-07-07,32.0
2019-07-08,32.0
2019-07-09,32.0
2019-07-10,32.0
2019-07-11,32.0
2019-07-12,32.0
2019-07-13,32.0
2019-07-14,32.0
2019-07-15,32.0
2019-07-16,32.0
2019-07-17,32.0
2019-07-18,32.0
2019-07-19,32.0
2019-07-20,31.0
2019-07-21,31.0
2019-07-22,31.0
2019-07-23,31.0
2019-07-24,31.0
2019-07-25,31.0
2019-07-26,31.0
2019-07-27,30.0
2019-07-28,30.0
2019-07-29,30.0
2019-07-30,30.0
2019-07-31,30.0
2019-08-01,30.0
2019-08-02,30.0
2019-08-03,31.0
2019-08-04,31.0
2019-08-05,31.0
2019-08-06,31.0
2019-08-07,31.0
2019-08-08,31.0
2019-08-09,31.0
2019-08-10,29.0
2019-08-11,29.0
2019-08-12,29.0
2019-08-13,29.0
2019-08-14,29.0
2019-08-15,29.0
2019-08-16,29.0
2019-08-17,29.0
2019-08-18,29.0
2019-08-19,29.0
2019-08-20,29.0
2019-08-21,29.0
2019-08-22,29.0
2019-08-23,29.0
2019-08-24,29.0
2019-08-25,29.0
2019-08-26,29.0
2019-08-27,29.0
2019-08-28,29.0
2019-08-29,29.0
2019-08-30,29.0
2019-08-31,30.0
2019-09-01,30.0
2019-09-02,30.0
2019-09-03,30.0
2019-09-04,30.0
2019-09-05,30.0
2019-09-06,30.0
2019-09-07,30.0
2019-09-08,30.0
2019-09-09,30.0
2019-09-10,30.0
2019-09-11,30.0
2019-09-12,30.0
2019-09-13,30.0
2019-09-14,30.0
2019-09-15,30.0
2019-09-16,30.0
2019-09-17,30.0
2019-09-18,30.0
2019-09-19,30.0
2019-09-20,30.0
2019-09-21,28.0
2019-09-22,28.0
2019-09-23,28.0
2019-09-24,28.0
2019-09-25,28.0
2019-09-26,28.0
2019-09-27,28.0
2019-09-28,25.0
2019-09-29,25.0
2019-09-30,25.0
2019-10-01,25.0
2019-10-02,25.0
2019-10-03,25.0
2019-10-04,25.0
2019-10-05,25.0
2019-10-06,25.0
2019-10-07,25.0
2019-10-08,25.0
2019-10-09,25.0
2019-10-10,25.0
2019-10-11,25.0
2019-10-12,25.0
2019-10-13,25.0
2019-10-14,25.0
2019-10-15,25.0
2019-10-16,25.0
2019-10-17,25.0
2019-10-18,25.0
2019-10-19,24.0
2019-10-20,24.0
2019-10-21,24.0
2019-10-22,24.0
2019-10-23,24.0
2019-10-24,24.0
2019-10-25,24.0
2019-10-26,24.0
2019-10-27,24.0
2019-10-28,24.0
2019-10-29,24.0
2019-10-30,24.0
2019-10-31,24.0
2019-11-01,24.0
2019-11-02,24.0
2019-11-03,24.0
2019-11-04,24.0
2019-11-05,24.0
2019-11-06,24.0
2019-11-07,24.0
2019-11-08,24.0
2019-11-09,24.0
2019-11-10,24.0
2019-11-11,24.0
2019-11-12,24.0
2019-11-13,24.0
2019-11-14,24.0
2019-11-15,24.0
2019-11-16,26.0
2019-11-17,26.0
2019-11-18,26.0
2019-11-19,26.0
2019-11-20,26.0
2019-11-21,26.0
2019-11-22,26.0
2019-11-23,26.0
2019-11-24,26.0
2019-11-25,26.0
2019-11-26,26.0
2019-11-27,26.0
2019-11-28,26.0
2019-11-29,26.0
2019-11-30,26.0
2019-12-01,26.0
2019-12-02,26.0
2019-12-03,26.0
2019-12-04,26.0
2019-12-05,26.0
2019-12-06,26.0
2019-12-07,26.0
2019-12-08,26.0
2019-12-09,26.0
2019-12-10,26.0
2019-12-11,26.0
2019-12-12,26.0
2019-12-13,26.0
2019-12-14,29.0
2019-12-15,29.0
2019-12-16,29.0
2019-12-17,29.0
2019-12-18,29.0
2019-12-19,29.0
2019-12-20,29.0
2019-12-21,30.0
2019-12-22,30.0
2019-12-23,30.0
2019-12-24,30.0
2019-12-25,30.0
2019-12-26,30.0
2019-12-27,30.0
2019-12-28,30.0
2019-12-29,30.0
2019-12-30,30.0
2019-12-31,30.0
2020-01-01,30.0
2020-01-02,30.0
2020-01-03,30.0
2020-01-04,30.0
2020-01-05,30.0
2020-01-06,30.0
2020-01-07,30.0
2020-01-08,30.0
2020-01-09,30.0
2020-01-10,30.0
2020-01-11,32.0
2020-01-12,32.0
2020-01-13,32.0
2020-01-14,32.0
2020-01-15,32.0
2020-01-16,32.0
2020-01-17,32.0
2020-01-18,33.0
2020-01-19,33.0
2020-01-20,33.0
2020-01-21,33.0
2020-01-22,33.0
2020-01-23,33.0
2020-01-24,33.0
2020-01-25,33.0
2020-01-26,33.0
2020-01-27,33.0
2020-01-28,33.0
2020-01-29,33.0
2020-01-30,33.0
2020-01-31,33.0
2020-02-01,33.0
2020-02-02,33.0
2020-02-03,33.0
2020-02-04,33.0
2020-02-05,33.0
2020-02-06,33.0
2020-02-07,33.0
2020-02-08,33.0
2020-02-09,33.0
2020-02-10,33.0
2020-02-11,33.0
2020-02-12,33.0
2020-02-13,33.0
2020-02-14,33.0
2020-02-15,32.0
2020-02-16,32.0
2020-02-17,32.0
2020-02-18,32.0
2020-02-19,32.0
2020-02-20,32.0
2020-02-21,32.0
2020-02-22,33.0
2020-02-23,33.0
2020-02-24,33.0
2020-02-25,33.0
2020-02-26,33.0
2020-02-27,33.0
2020-02-28,33.0
2020-02-29,33.0
2020-03-01,33.0
2020-03-02,33.0
2020-03-03,33.0
2020-03-04,33.0
2020-03-05,33.0
2020-03-06,33.0
2020-03-07,32.0
2020-03-08,32.0
2020-03-09,32.0
2020-03-10,32.0
2020-03-11,32.0
2020-03-12,32.0
2020-03-13,32.0
2020-03-14,32.0
2020-03-15,32.0
2020-03-16,32.0
2020-03-17,32.0
2020-03-18,32.0
2020-03-19,32.0
2020-03-20,32.0
2020-03-21,33.0
2020-03-22,33.0
2020-03-23,33.0
2020-03-24,33.0
2020-03-25,33.0
2020-03-26,33.0
2020-03-27,33.0
2020-03-28,30.0
2020-03-29,30.0
2020-03-30,30.0
2020-03-31,30.0
2020-04-01,30.0
2020-04-02,30.0
2020-04-03,30.0
2020-04-04,28.0
2020-04-05,28.0
2020-04-06,28.0
2020-04-07,28.0
2020-04-08,28.0
2020-04-09,28.0
2020-04-10,24.0
2020-04-11,24.0
2020-04-12,24.0
2020-04-13,24.0
2020-04-14,24.0
2020-04-15,24.0
2020-04-16,24.0
2020-04-17,24.0
2020-04-18,19.0
2020-04-19,19.0
2020-04-20,19.0
2020-04-21,19.0
2020-04-22,19.0
2020-04-23,19.0
2020-04-24,19.0
2020-04-25,16.0
2020-04-26,16.0
2020-04-27,16.0
2020-04-28,16.0
2020-04-29,16.0
2020-04-30,16.0
2020-05-01,16.0
2020-05-02,15.0
2020-05-03,15.0
2020-05-04,15.0
2020-05-05,15.0
2020-05-06,15.0
2020-05-07,15.0
2020-05-08,15.0
2020-05-09,14.0
2020-05-10,14.0
2020-05-11,14.0
2020-05-12,14.0
2020-05-13,14.0
2020-05-14,14.0
2020-05-15,14.0
2020-05-16,14.0
2020-05-17,14.0
2020-05-18,14.0
2020-05-19,14.0
2020-05-20,14.0
2020-05-21,14.0
2020-05-22,14.0
2020-05-23,14.0
2020-05-24,14.0
2020-05-25,14.0
2020-05-26,14.0
2020-05-27,14.0
2020-05-28,14.0
2020-05-29,14.0
2020-05-30,9.0
2020-05-31,9.0
2020-06-01,9.0
2020-06-02,9.0
2020-06-03,9.0
2020-06-04,9.0
2020-06-05,9.0
2020-06-06,10.0
2020-06-07,10.0
2020-06-08,10.0
2020-06-09,10.0
2020-06-10,10.0
2020-06-11,10.0
2020-06-12,10.0
2020-06-13,9.0
2020-06-14,9.0
2020-06-15,9.0
2020-06-16,9.0
2020-06-17,9.0
2020-06-18,9.0
2020-06-19,9.0
2020-06-20,9.0
2020-06-21,9.0
2020-06-22,9.0
2020-06-23,9.0
2020-06-24,9.0
2020-06-25,9.0
2020-06-26,9.0
2020-06-27,9.0
2020-06-28,9.0
2020-06-29,9.0
2020-06-30,9.0
2020-07-01,9.0
2020-07-02,9.0
2020-07-03,7.0
2020-07-04,7.0
2020-07-05,7.0
2020-07-06,7.0
2020-07-07,7.0
2020-07-08,7.0
2020-07-09,7.0
2020-07-10,7.0
2020-07-11,7.0
2020-07-12,7.0
2020-07-13,7.0
2020-07-14,7.0
2020-07-15,7.0
2020-07-16,7.0
2020-07-17,7.0
2020-07-18,8.0
2020-07-19,8.0
2020-07-20,8.0
2020-07-21,8.0
2020-07-22,8.0
2020-07-23,8.0
2020-07-24,8.0
2020-07-25,8.0
2020-07-26,8.0
2020-07-27,8.0
2020-07-28,8.0
2020-07-29,8.0
2020-07-30,8.0
2020-07-31,8.0
2020-08-01,8.0
2020-08-02,8.0
2020-08-03,8.0
2020-08-04,8.0
2020-08-05,8.0
2020-08-06,8.0
2020-08-07,8.0
2020-08-08,8.0
2020-08-09,8.0
2020-08-10,8.0
2020-08-11,8.0
2020-08-12,8.0
2020-08-13,8.0
2020-08-14,8.0
2020-08-15,8.0
2020-08-16,8.0
2020-08-17,8.0
2020-08-18,8.0
2020-08-19,8.0
2020-08-20,8.0
2020-08-21,8.0
2020-08-22,8.0
2020-08-23,8.0
2020-08-24,8.0
2020-08-25,8.0
2020-08-26,8.0
2020-08-27,8.0
2020-08-28,8.0
2020-08-29,8.0
2020-08-30,8.0
2020-08-31,8.0
2020-09-01,8.0
2020-09-02,8.0
2020-09-03,8.0
2020-09-04,8.0
2020-09-05,8.0
2020-09-06,8.0
2020-09-07,8.0
2020-09-08,8.0
2020-09-09,8.0
2020-09-10,8.0
2020-09-11,8.0
2020-09-12,8.0
2020-09-13,8.0
2020-09-14,8.0
2020-09-15,8.0
2020-09-16,8.0
2020-09-17,8.0
2020-09-18,8.0
2020-09-19,8.0
2020-09-20,8.0
2020-09-21,8.0
2020-09-22,8.0
2020-09-23,8.0
2020-09-24,8.0
2020-09-25,8.0
2020-09-26,8.0
2020-09-27,8.0
2020-09-28,8.0
2020-09-29,8.0
2020-09-30,8.0
2020-10-01,8.0
2020-10-02,8.0
2020-10-03,9.0
2020-10-04,9.0
2020-10-05,9.0
2020-10-06,9.0
2020-10-07,9.0
2020-10-08,9.0
2020-10-09,9.0
2020-10-10,11.0
2020-10-11,11.0
2020-10-12,11.0
2020-10-13,11.0
2020-10-14,11.0
2020-10-15,11.0
2020-10-16,11.0
2020-10-17,11.0
2020-10-18,11.0
2020-10-19,11.0
2020-10-20,11.0
2020-10-21,11.0
2020-10-22,11.0
2020-10-23,11.0
2020-10-24,11.0
2020-10-25,11.0
2020-10-26,11.0
2020-10-27,11.0
2020-10-28,11.0
2020-10-29,11.0
2020-10-30,11.0
2020-10-31,12.0
2020-11-01,12.0
2020-11-02,12.0
2020-11-03,12.0
2020-11-04,12.0
2020-11-05,12.0
2020-11-06,12.0
2020-11-07,13.0
2020-11-08,13.0
2020-11-09,13.0
2020-11-10,13.0
2020-11-11,13.0
2020-11-12,13.0
2020-11-13,13.0
2020-11-14,12.0
2020-11-15,12.0
2020-11-16,12.0
2020-11-17,12.0
2020-11-18,12.0
2020-11-19,12.0
2020-11-20,12.0
2020-11-21,11.0
2020-11-22,11.0
2020-11-23,11.0
2020-11-24,11.0
2020-11-25,11.0
2020-11-26,11.0
2020-11-27,11.0
2020-11-28,11.0
2020-11-29,11.0
2020-11-30,11.0
2020-12-01,11.0
2020-12-02,11.0
2020-12-03,11.0
2020-12-04,11.0
2020-12-05,11.0
2020-12-06,11.0
2020-12-07,11.0
2020-12-08,11.0
2020-12-09,11.0
2020-12-10,11.0
2020-12-11,11.0
2020-12-12,11.0
2020-12-13,11.0
2020-12-14,11.0
2020-12-15,11.0
2020-12-16,11.0
2020-12-17,11.0
2020-12-18,11.0
2020-12-19,11.0
2020-12-20,11.0
2020-12-21,11.0
2020-12-22,11.0
2020-12-23,11.0
2020-12-24,11.0
2020-12-25,11.0
2020-12-26,11.0
2020-12-27,11.0
2020-12-28,11.0
2020-12-29,11.0
2020-12-30,11.0
2020-12-31,11.0
2021-01-01,11.0
2021-01-02,11.0
2021-01-03,11.0
2021-01-04,11.0
2021-01-05,11.0
2021-01-06,11.0
2021-01-07,11.0
2021-01-08,11.0
2021-01-09,11.0
2021-01-10,11.0
2021-01-11,11.0
2021-01-12,11.0
2021-01-13,11.0
2021-01-14,11.0
2021-01-15,11.0
2021-01-16,11.0
2021-01-17,11.0
2021-01-18,11.0
2021-01-19,11.0
2021-01-20,11.0
2021-01-21,11.0
2021-01-22,11.0
2021-01-23,12.0
2021-01-24,12.0
2021-01-25,12.0
2021-01-26,12.0
2021-01-27,12.0
2021-01-28,12.0
2021-01-29,12.0
2021-01-30,12.0
2021-01-31,12.0
